INSERT INTO countries (name, alfaisotwo, alfaisothree, iscode) 
VALUES ('Afganistán', 'AF', 'AFG', '4'),
('Albania', 'AL', 'ALB', '8'),
('Alemania', 'DE', 'DEU', '276'),
('Andorra', 'AD', 'AND', '20'),
('Angola', 'AO', 'AGO', '24'),
('Anguilla', 'AI', 'AIA', '660'),
('Antártida', 'AQ', 'ATA', '10'),
('Antigua y Barbuda', 'AG', 'ATG', '28'),
('Arabia Saudí', 'SA', 'SAU', '682'),
('Argelia', 'DZ', 'DZA', '12'),
('Argentina', 'AR', 'ARG', '32'),
('Armenia', 'AM', 'ARM', '51'),
('Aruba', 'AW', 'ABW', '533'),
('Australia', 'AU', 'AUS', '36'),
('Austria', 'AT', 'AUT', '40'),
('Azerbaiyán', 'AZ', 'AZE', '31'),
('Bahamas', 'BS', 'BHS', '44'),
('Bangladés', 'BD', 'BGD', '50'),
('Barbados', 'BB', 'BRB', '52'),
('Baréin', 'BH', 'BHR', '48'),
('Belgica', 'BE', 'BEL', '56'),
('Belice', 'BZ', 'BLZ', '84'),
('Benin', 'BJ', 'BEN', '204'),
('Bermudas', 'BM', 'BMU', '60'),
('Bielorussia', 'BY', 'BLR', '112'),
('Birmania', 'MM', 'MMR', '104'),
('Bolivia', 'BO', 'BOL', '68'),
('Bosnia y Herzegovina', 'BA', 'BIH', '70'),
('Botsuana', 'BW', 'BWA', '72'),
('Brasil', 'BR', 'BRA', '76'),
('Brunéi', 'BN', 'BRN', '96'),
('Bulgaria', 'BG', 'BGR', '100'),
('Burkina Faso', 'BF', 'BFA', '854'),
('Burundi', 'BI', 'BDI', '108'),
('Bután', 'BT', 'BTN', '64'),
('Cabo Verde', 'CV', 'CPV', '132'),
('Camboya', 'KH', 'KHM', '116'),
('Camerún', 'CM', 'CMR', '120'),
('Canadá', 'CA', 'CAN', '124'),
('Caribe Neerlandés', 'BQ', 'BES', '535'),
('Catar', 'QA', 'QAT', '634'),
('Chad', 'TD', 'TCD', '148'),
('Chile', 'CL', 'CHL', '152'),
('China', 'CN', 'CHN', '156'),
('Chipre', 'CY', 'CYP', '196'),
('Colombia', 'CO', 'COL', '170'),
('Comoras', 'KM', 'COM', '174'),
('Corea del Norte', 'KP', 'PRK', '408'),
('Corea del Sur', 'KR', 'KOR', '410'),
('Costa de Marfil', 'CI', 'CIV', '384'),
('Costa Rica', 'CR', 'CRI', '188'),
('Croacia', 'HR', 'HRV', '191'),
('Cuba', 'CU', 'CUB', '192'),
('Curazao', 'CW', 'CUW', '531'),
('Dinamarca', 'DK', 'DNK', '208'),
('Dominica', 'DM', 'DMA', '212'),
('Ecuador', 'EC', 'ECU', '218'),
('Egipto', 'EG', 'EGY', '818'),
('El Salvador', 'SV', 'SLV', '222'),
('Emiratos árabes Unidos', 'AE', 'ARE', '784'),
('Eritrea', 'ER', 'ERI', '232'),
('Eslovaquia', 'SK', 'SVK', '703'),
('Eslovenia', 'SI', 'SVN', '705'),
('España', 'ES', 'ESP', '724'),
('Estados Federados de Micronesia', 'FM', 'FSM', '583'),
('Estados Unidos', 'US', 'USA', '840'),
('Estonia', 'EE', 'EST', '233'),
('Etiopía', 'ET', 'ETH', '231'),
('Filipinas', 'PH', 'PHL', '608'),
('Finlandia', 'FI', 'FIN', '246'),
('Fiyi', 'FJ', 'FJI', '242'),
('Francia', 'FR', 'FRA', '250'),
('Gabon', 'GA', 'GAB', '266'),
('Gambia', 'GM', 'GMB', '270'),
('Georgia', 'GE', 'GEO', '268'),
('Ghana', 'GH', 'GHA', '288'),
('Gibraltar', 'GI', 'GIB', '292'),
('Granada', 'GD', 'GRD', '308'),
('Grecia', 'GR', 'GRC', '300'),
('Groenlandia', 'GL', 'GRL', '304'),
('Guadelupe', 'GP', 'GLP', '312'),
('Guam', 'GU', 'GUM', '316'),
('Guatemala', 'GT', 'GTM', '320'),
('Guayana Francesa', 'GF', 'GUF', '254'),
('Guernsey', 'GG', 'GGY', '831'),
('Guinea', 'GN', 'GIN', '324'),
('Guinea Ecuatorial', 'GQ', 'GNQ', '226'),
('Guinea-Bissau', 'GW', 'GNB', '624'),
('Guyana', 'GY', 'GUY', '328'),
('Haití', 'HT', 'HTI', '332'),
('Honduras', 'HN', 'HND', '340'),
('Hong Kong', 'HK', 'HKG', '344'),
('Hungría', 'HU', 'HUN', '348'),
('Iceland', 'IS', 'ISL', '352'),
('India', 'IN', 'IND', '356'),
('Indonesia', 'ID', 'IDN', '360'),
('Irak', 'IQ', 'IRQ', '368'),
('Iran', 'IR', 'IRN', '364'),
('Isla de Man', 'IM', 'IMN', '833'),
('Isla de Navidad', 'CX', 'CXR', '162'),
('Isla Norfolk', 'NF', 'NFK', '574'),
('Islandia', 'IE', 'IRL', '372'),
('Islas Caimán', 'KY', 'CYM', '136'),
('Islas Cocos', 'CC', 'CCK', '166'),
('Islas Cook', 'CK', 'COK', '184'),
('Islas Feroe', 'FO', 'FRO', '234'),
('Islas Georgias y Sandwich del Sur', 'GS', 'SGS', '239'),
('Islas Malvinas', 'FK', 'FLK', '238'),
('Islas Marianas del Norte', 'MP', 'MNP', '580'),
('Islas Marshall', 'MH', 'MHL', '584'),
('Islas Pitcairn', 'PN', 'PCN', '612'),
('Islas Salomón', 'SB', 'SLB', '90'),
('Islas Turcas y Caicos', 'TC', 'TCA', '796'),
('Islas Vírgenes Británicas', 'VG', 'VGB', '92'),
('Islas Vírgenes de los Estados Unidos', 'VI', 'VIR', '850'),
('Israel', 'IL', 'ISR', '376'),
('Italia', 'IT', 'ITA', '380'),
('Jamaica', 'JM', 'JAM', '388'),
('Japón', 'JP', 'JPN', '392'),
('Jersey', 'JE', 'JEY', '832'),
('Jordania', 'JO', 'JOR', '400'),
('Kazajistán', 'KZ', 'KAZ', '398'),
('Kenia', 'KE', 'KEN', '404'),
('Kirguistán', 'KG', 'KGZ', '417'),
('Kiribati', 'KI', 'KIR', '296'),
('Kosovo', 'XK', 'XKX', '153'),
('Kuweit', 'KW', 'KWT', '414'),
('Laos', 'LA', 'LAO', '418'),
('Lesoto', 'LS', 'LSO', '426'),
('Letonia', 'LV', 'LVA', '428'),
('Libano', 'LB', 'LBN', '422'),
('Liberia', 'LR', 'LBR', '430'),
('Libia', 'LY', 'LBY', '434'),
('Liechtenstein', 'LI', 'LIE', '438'),
('Lituania', 'LT', 'LTU', '440'),
('Luxemburgo', 'LU', 'LUX', '442'),
('Macao', 'MO', 'MAC', '446'),
('Macedonia', 'MK', 'MKD', '807'),
('Madagascar', 'MG', 'MDG', '450'),
('Malasia', 'MY', 'MYS', '458'),
('Malaui', 'MW', 'MWI', '454'),
('Maldivas', 'MV', 'MDV', '462'),
('Mali', 'ML', 'MLI', '466'),
('Malta', 'MT', 'MLT', '470'),
('Marruecos', 'MA', 'MAR', '504'),
('Martinica', 'MQ', 'MTQ', '474'),
('Mauricio', 'MU', 'MUS', '480'),
('Mauritania', 'MR', 'MRT', '478'),
('Mayotte', 'YT', 'MYT', '175'),
('México', 'MX', 'MEX', '484'),
('Moldavia', 'MD', 'MDA', '498'),
('Monaco', 'MC', 'MCO', '492'),
('Mongolia', 'MN', 'MNG', '496'),
('Monténégro', 'ME', 'MNE', '499'),
('Montserrat', 'MS', 'MSR', '500'),
('Mozambique', 'MZ', 'MOZ', '508'),
('Namibia', 'NA', 'NAM', '516'),
('Nauru', 'NR', 'NRU', '520'),
('Nepal', 'NP', 'NPL', '524'),
('Nicaragua', 'NI', 'NIC', '558'),
('Niger', 'NE', 'NER', '562'),
('Nigeria', 'NG', 'NGA', '566'),
('Niue', 'NU', 'NIU', '570'),
('Noruega', 'NO', 'NOR', '578'),
('Nueva Caledonia', 'NC', 'NCL', '540'),
('Nueva Zelanda', 'NZ', 'NZL', '554'),
('Omán', 'OM', 'OMN', '512'),
('Países Bajos', 'NL', 'NLD', '528'),
('Pakistán', 'PK', 'PAK', '586'),
('Palaos', 'PW', 'PLW', '585'),
('Palestina', 'PS', 'PSE', '275'),
('Panama', 'PA', 'PAN', '591'),
('Papúa Nueva Guinea', 'PG', 'PNG', '598'),
('Paraguay', 'PY', 'PRY', '600'),
('Perú', 'PE', 'PER', '604'),
('Polinesia Francesa', 'PF', 'PYF', '258'),
('Polonia', 'PL', 'POL', '616'),
('Portugal', 'PT', 'PRT', '620'),
('Puerto Rico', 'PR', 'PRI', '630'),
('Reino Unido', 'GB', 'GBR', '826'),
('República árabe Saharaui DemocrÁtica', 'EH', 'ESH', '732'),
('República Centroafricana', 'CF', 'CAF', '140'),
('República Checa', 'CZ', 'CZE', '203'),
('República del Congo', 'CG', 'COG', '178'),
('República DemocrÁtica del Congo', 'CD', 'COD', '180'),
('República Dominicana', 'DO', 'DOM', '214'),
('Reunión', 'RE', 'REU', '638'),
('Ruanda', 'RW', 'RWA', '646'),
('Rumania', 'RO', 'ROU', '642'),
('Rusia', 'RU', 'RUS', '643'),
('Samoa', 'WS', 'WSM', '882'),
('Samoa Americana', 'AS', 'ASM', '16'),
('San Bartolomé', 'BL', 'BLM', '652'),
('San Cristóbal y Nieves', 'KN', 'KNA', '659'),
('San Marino', 'SM', 'SMR', '674'),
('San Martín', 'MF', 'MAF', '534'),
('San Pedro y Miquelón', 'PM', 'SPM', '666'),
('San Vicente y las Granadinas', 'VC', 'VCT', '670'),
('Santa Lucía', 'LC', 'LCA', '662'),
('Santo Tomé y Príncipe', 'ST', 'STP', '678'),
('Senegal', 'SN', 'SEN', '686'),
('Serbia', 'RS', 'SRB', '688'),
('Seychelles', 'SC', 'SYC', '690'),
('Sierra Leona', 'SL', 'SLE', '694'),
('Singapur', 'SG', 'SGP', '702'),
('Sint Helena, Ascension and Tristan da Cunha', 'SH', 'SHN', '654'),
('Sint-Maarten', 'SX', 'SXM', '663'),
('Siria', 'SY', 'SYR', '760'),
('Somalia', 'SO', 'SOM', '706'),
('Sri Lanka', 'LK', 'LKA', '144'),
('eSwatani', 'SZ', 'SWZ', '748'),
('Sudáfrica', 'ZA', 'ZAF', '710'),
('Sudán', 'SD', 'SDN', '729'),
('Sudán del Sur', 'SS', 'SSD', '728'),
('Suecia', 'SE', 'SWE', '752'),
('Suiza', 'CH', 'CHE', '756'),
('Surinam', 'SR', 'SUR', '740'),
('Tailandia', 'TH', 'THA', '764'),
('Taiwan', 'TW', 'TWN', '158'),
('Tanzania', 'TZ', 'TZA', '834'),
('Tayikistán', 'TJ', 'TJK', '762'),
('Territorio Británico del Océano índico', 'IO', 'IOT', '86'),
('Tierras Australes y Antárticas Francesas', 'TF', 'ATF', '260'),
('Timor Oriental', 'TL', 'TLS', '626'),
('Togo', 'TG', 'TGO', '768'),
('Tokelau', 'TK', 'TKL', '772'),
('Tonga', 'TO', 'TON', '776'),
('Trinidad y Tobago', 'TT', 'TTO', '780'),
('Túnez', 'TN', 'TUN', '788'),
('Turkmenistán', 'TM', 'TKM', '795'),
('Turquía', 'TR', 'TUR', '792'),
('Tuvalu', 'TV', 'TUV', '798'),
('Ucrania', 'UA', 'UKR', '804'),
('Uganda', 'UG', 'UGA', '800'),
('Uruguay', 'UY', 'URY', '858'),
('Uzbekistán', 'UZ', 'UZB', '860'),
('Vanuatu', 'VU', 'VUT', '548'),
('Vaticano', 'VA', 'VAT', '336'),
('Venezuela', 'VE', 'VEN', '862'),
('Vietnam', 'VN', 'VNM', '704'),
('Wallis y Futuna', 'WF', 'WLF', '876'),
('Yemen', 'YE', 'YEM', '887'),
('Yibuti', 'DJ', 'DJI', '262'),
('Zambia', 'ZM', 'ZMB', '894'),
('Zimbabwe', 'ZW', 'ZWE', '716');

INSERT INTO subdivisioncategories (description) 
VALUES ('departament'),('capital district'),('state'),('district'),('outlying area');

INSERT INTO stateorregions(code, name, country_id, code3166, subdivision_id) VALUES
('CO-AMA', 'Amazonas', '170', 'CO-AMA', 1),
('CO-ANT', 'Antioquia', '170', 'CO-ANT', 1),
('CO-ARA', 'Arauca', '170', 'CO-ARA', 1),
('CO-ATL', 'Atlántico', '170', 'CO-ATL', 1),
('CO-BOL', 'Bolívar', '170', 'CO-BOL', 1),
('CO-BOY', 'Boyacá', '170', 'CO-BOY', 1),
('CO-CAL', 'Caldas', '170', 'CO-CAL', 1),
('CO-CAQ', 'Caquetá', '170', 'CO-CAQ', 1),
('CO-CAS', 'Casanare', '170', 'CO-CAS', 1),
('CO-CAU', 'Cauca', '170', 'CO-CAU', 1),
('CO-CES', 'Cesar', '170', 'CO-CES', 1),
('CO-CHO', 'Chocó', '170', 'CO-CHO', 1),
('CO-CUN', 'Cundinamarca', '170', 'CO-CUN', 1),
('CO-COR', 'Córdoba', '170', 'CO-COR', 1),
('CO-DC', 'Distrito Capital de Bogotá', '170', 'CO-DC', 2),
('CO-GUA', 'Guainía', '170', 'CO-GUA', 1),
('CO-GUV', 'Guaviare', '170', 'CO-GUV', 1),
('CO-HUI', 'Huila', '170', 'CO-HUI', 1),
('CO-LAG', 'La Guajira', '170', 'CO-LAG', 1),
('CO-MAG', 'Magdalena', '170', 'CO-MAG', 1),
('CO-MET', 'Meta', '170', 'CO-MET', 1),
('CO-NAR', 'Nariño', '170', 'CO-NAR', 1),
('CO-NSA', 'Norte de Santander', '170', 'CO-NSA', 1),
('CO-PUT', 'Putumayo', '170', 'CO-PUT', 1),
('CO-QUI', 'Quindío', '170', 'CO-QUI', 1),
('CO-RIS', 'Risaralda', '170', 'CO-RIS', 1),
('CO-SAP', 'San Andrés, Providencia y Santa Catalina', '170', 'CO-SAP', 1),
('CO-SAN', 'Santander', '170', 'CO-SAN', 1),
('CO-SUC', 'Sucre', '170', 'CO-SUC', 1),
('CO-TOL', 'Tolima', '170', 'CO-TOL', 1),
('CO-VAC', 'Valle del Cauca', '170', 'CO-VAC', 1),
('CO-VAU', 'Vaupés', '170', 'CO-VAU', 1),
('CO-VID', 'Vichada', '170', 'CO-VID', 1),
('US-AL', 'Alabama', '840', 'US-AL', 3),
('US-AK', 'Alaska', '840', 'US-AK', 3),
('US-AS', 'American Samoa', '840', 'US-AS', 5),
('US-AZ', 'Arizona', '840', 'US-AZ', 3),
('US-AR', 'Arkansas', '840', 'US-AR', 3),
('US-CA', 'California', '840', 'US-CA', 3),
('US-CO', 'Colorado', '840', 'US-CO', 3),
('US-CT', 'Connecticut', '840', 'US-CT', 3),
('US-DE', 'Delaware', '840', 'US-DE', 3),
('US-DC', 'District of Columbia', '840', 'US-DC', 2),
('US-FL', 'Florida', '840', 'US-FL', 3),
('US-GA', 'Georgia', '840', 'US-GA', 3),
('US-GU', 'Guam', '840', 'US-GU', 5),
('US-HI', 'Hawaii', '840', 'US-HI', 3),
('US-ID', 'Idaho', '840', 'US-ID', 3),
('US-IL', 'Illinois', '840', 'US-IL', 3),
('US-IN', 'Indiana', '840', 'US-IN', 3),
('US-IA', 'Iowa', '840', 'US-IA', 3),
('US-KS', 'Kansas', '840', 'US-KS', 3),
('US-KY', 'Kentucky', '840', 'US-KY', 3),
('US-LA', 'Louisiana', '840', 'US-LA', 3),
('US-ME', 'Maine', '840', 'US-ME', 3),
('US-MD', 'Maryland', '840', 'US-MD', 3),
('US-MA', 'Massachusetts', '840', 'US-MA', 3),
('US-MI', 'Michigan', '840', 'US-MI', 3),
('US-MN', 'Minnesota', '840', 'US-MN', 3),
('US-MS', 'Mississippi', '840', 'US-MS', 3),
('US-MO', 'Missouri', '840', 'US-MO', 3),
('US-MT', 'Montana', '840', 'US-MT', 3),
('US-NE', 'Nebraska', '840', 'US-NE', 3),
('US-NV', 'Nevada', '840', 'US-NV', 3),
('US-NH', 'New Hampshire', '840', 'US-NH', 3),
('US-NJ', 'New Jersey', '840', 'US-NJ', 3),
('US-NM', 'New Mexico', '840', 'US-NM', 3),
('US-NY', 'New York', '840', 'US-NY', 3),
('US-NC', 'North Carolina', '840', 'US-NC', 3),
('US-ND', 'North Dakota', '840', 'US-ND', 3),
('US-MP', 'Northern Mariana Islands', '840', 'US-MP', 5),
('US-OH', 'Ohio', '840', 'US-OH', 3),
('US-OK', 'Oklahoma', '840', 'US-OK', 3),
('US-OR', 'Oregon', '840', 'US-OR', 3),
('US-PA', 'Pennsylvania', '840', 'US-PA', 3),
('US-PR', 'Puerto Rico', '840', 'US-PR', 5),
('US-RI', 'Rhode Island', '840', 'US-RI', 3),
('US-SC', 'South Carolina', '840', 'US-SC', 3),
('US-SD', 'South Dakota', '840', 'US-SD', 3),
('US-TN', 'Tennessee', '840', 'US-TN', 3),
('US-TX', 'Texas', '840', 'US-TX', 3),
('US-UM', 'United States Minor Outlying Islands', '840', 'US-UM', 5),
('US-UT', 'Utah', '840', 'US-UT', 3),
('US-VT', 'Vermont', '840', 'US-VT', 3),
('US-VI', 'Virgin Islands, U.S.', '840', 'US-VI', 5),
('US-VA', 'Virginia', '840', 'US-VA', 3),
('US-WA', 'Washington', '840', 'US-WA', 3),
('US-WV', 'West Virginia', '840', 'US-WV', 3),
('US-WI', 'Wisconsin', '840', 'US-WI', 3),
('US-WY', 'Wyoming', '840', 'US-WY', 3);

INSERT INTO citiesormunicipalities (code, name, statereg_id)
VALUES  ('263', 'EL ENCANTO', 'CO-AMA'),
('405', 'LA CHORRERA', 'CO-AMA'),
('407', 'LA PEDRERA', 'CO-AMA'),
('430', 'LA VICTORIA', 'CO-AMA'),
('460', 'MIRITI - PARANA', 'CO-AMA'),
('530', 'PUERTO ALEGRIA', 'CO-AMA'),
('536', 'PUERTO ARICA', 'CO-AMA'),
('540', 'PUERTO NARIÑO', 'CO-AMA'),
('669', 'PUERTO SANTANDER', 'CO-AMA'),
('798', 'TARAPACA', 'CO-AMA'),
('001', 'MEDELLIN', 'CO-ANT'),
('002', 'ABEJORRAL', 'CO-ANT'),
('004', 'ABRIAQUI', 'CO-ANT'),
('021', 'ALEJANDRIA', 'CO-ANT'),
('030', 'AMAGA', 'CO-ANT'),
('031', 'AMALFI', 'CO-ANT'),
('034', 'ANDES', 'CO-ANT'),
('036', 'ANGELOPOLIS', 'CO-ANT'),
('038', 'ANGOSTURA', 'CO-ANT'),
('040', 'ANORI', 'CO-ANT'),
('042', 'SANTAFE DE ANTIOQUIA', 'CO-ANT'),
('044', 'ANZA', 'CO-ANT'),
('045', 'APARTADO', 'CO-ANT'),
('051', 'ARBOLETES', 'CO-ANT'),
('055', 'ARGELIA', 'CO-ANT'),
('059', 'ARMENIA', 'CO-ANT'),
('079', 'BARBOSA', 'CO-ANT'),
('086', 'BELMIRA', 'CO-ANT'),
('088', 'BELLO', 'CO-ANT'),
('091', 'BETANIA', 'CO-ANT'),
('093', 'BETULIA', 'CO-ANT'),
('101', 'CIUDAD BOLIVAR', 'CO-ANT'),
('107', 'BRICEÑO', 'CO-ANT'),
('113', 'BURITICA', 'CO-ANT'),
('120', 'CACERES', 'CO-ANT'),
('125', 'CAICEDO', 'CO-ANT'),
('129', 'CALDAS', 'CO-ANT'),
('134', 'CAMPAMENTO', 'CO-ANT'),
('138', 'CAÑASGORDAS', 'CO-ANT'),
('142', 'CARACOLI', 'CO-ANT'),
('145', 'CARAMANTA', 'CO-ANT'),
('147', 'CAREPA', 'CO-ANT'),
('148', 'EL CARMEN DE VIBORAL', 'CO-ANT'),
('150', 'CAROLINA', 'CO-ANT'),
('154', 'CAUCASIA', 'CO-ANT'),
('172', 'CHIGORODO', 'CO-ANT'),
('190', 'CISNEROS', 'CO-ANT'),
('197', 'COCORNA', 'CO-ANT'),
('206', 'CONCEPCION', 'CO-ANT'),
('209', 'CONCORDIA', 'CO-ANT'),
('212', 'COPACABANA', 'CO-ANT'),
('234', 'DABEIBA', 'CO-ANT'),
('237', 'DON MATIAS', 'CO-ANT'),
('240', 'EBEJICO', 'CO-ANT'),
('250', 'EL BAGRE', 'CO-ANT'),
('264', 'ENTRERRIOS', 'CO-ANT'),
('266', 'ENVIGADO', 'CO-ANT'),
('282', 'FREDONIA', 'CO-ANT'),
('284', 'FRONTINO', 'CO-ANT'),
('306', 'GIRALDO', 'CO-ANT'),
('308', 'GIRARDOTA', 'CO-ANT'),
('310', 'GOMEZ PLATA', 'CO-ANT'),
('313', 'GRANADA', 'CO-ANT'),
('315', 'GUADALUPE', 'CO-ANT'),
('318', 'GUARNE', 'CO-ANT'),
('321', 'GUATAPE', 'CO-ANT'),
('347', 'HELICONIA', 'CO-ANT'),
('353', 'HISPANIA', 'CO-ANT'),
('360', 'ITAGÜI', 'CO-ANT'),
('361', 'ITUANGO', 'CO-ANT'),
('364', 'JARDIN', 'CO-ANT'),
('368', 'JERICO', 'CO-ANT'),
('376', 'LA CEJA', 'CO-ANT'),
('380', 'LA ESTRELLA', 'CO-ANT'),
('390', 'LA PINTADA', 'CO-ANT'),
('400', 'LA UNION', 'CO-ANT'),
('411', 'LIBORINA', 'CO-ANT'),
('425', 'MACEO', 'CO-ANT'),
('440', 'MARINILLA', 'CO-ANT'),
('467', 'MONTEBELLO', 'CO-ANT'),
('475', 'MURINDO', 'CO-ANT'),
('480', 'MUTATA', 'CO-ANT'),
('483', 'NARIÑO', 'CO-ANT'),
('490', 'NECOCLI', 'CO-ANT'),
('495', 'NECHI', 'CO-ANT'),
('501', 'OLAYA', 'CO-ANT'),
('541', 'PEÑOL', 'CO-ANT'),
('543', 'PEQUE', 'CO-ANT'),
('576', 'PUEBLORRICO', 'CO-ANT'),
('579', 'PUERTO BERRIO', 'CO-ANT'),
('585', 'PUERTO NARE', 'CO-ANT'),
('591', 'PUERTO TRIUNFO', 'CO-ANT'),
('604', 'REMEDIOS', 'CO-ANT'),
('607', 'RETIRO', 'CO-ANT'),
('615', 'RIONEGRO', 'CO-ANT'),
('628', 'SABANALARGA', 'CO-ANT'),
('631', 'SABANETA', 'CO-ANT'),
('642', 'SALGAR', 'CO-ANT'),
('647', 'SAN ANDRES', 'CO-ANT'),
('649', 'SAN CARLOS', 'CO-ANT'),
('652', 'SAN FRANCISCO', 'CO-ANT'),
('656', 'SAN JERONIMO', 'CO-ANT'),
('658', 'SAN JOSE DE LA MONTAÑA', 'CO-ANT'),
('659', 'SAN JUAN DE URABA', 'CO-ANT'),
('660', 'SAN LUIS', 'CO-ANT'),
('664', 'SAN PEDRO', 'CO-ANT'),
('665', 'SAN PEDRO DE URABA', 'CO-ANT'),
('667', 'SAN RAFAEL', 'CO-ANT'),
('670', 'SAN ROQUE', 'CO-ANT'),
('674', 'SAN VICENTE', 'CO-ANT'),
('679', 'SANTA BARBARA', 'CO-ANT'),
('686', 'SANTA ROSA DE OSOS', 'CO-ANT'),
('690', 'SANTO DOMINGO', 'CO-ANT'),
('697', 'EL SANTUARIO', 'CO-ANT'),
('736', 'SEGOVIA', 'CO-ANT'),
('756', 'SONSON', 'CO-ANT'),
('761', 'SOPETRAN', 'CO-ANT'),
('789', 'TAMESIS', 'CO-ANT'),
('790', 'TARAZA', 'CO-ANT'),
('792', 'TARSO', 'CO-ANT'),
('809', 'TITIRIBI', 'CO-ANT'),
('819', 'TOLEDO', 'CO-ANT'),
('837', 'TURBO', 'CO-ANT'),
('842', 'URAMITA', 'CO-ANT'),
('847', 'URRAO', 'CO-ANT'),
('854', 'VALDIVIA', 'CO-ANT'),
('856', 'VALPARAISO', 'CO-ANT'),
('858', 'VEGACHI', 'CO-ANT'),
('861', 'VENECIA', 'CO-ANT'),
('873', 'VIGIA DEL FUERTE', 'CO-ANT'),
('885', 'YALI', 'CO-ANT'),
('887', 'YARUMAL', 'CO-ANT'),
('890', 'YOLOMBO', 'CO-ANT'),
('893', 'YONDO', 'CO-ANT'),
('895', 'ZARAGOZA', 'CO-ANT'),
('001', 'BARRANQUILLA', 'CO-ATL'),
('078', 'BARANOA', 'CO-ATL'),
('137', 'CAMPO DE LA CRUZ', 'CO-ATL'),
('141', 'CANDELARIA', 'CO-ATL'),
('296', 'GALAPA', 'CO-ATL'),
('372', 'JUAN DE ACOSTA', 'CO-ATL'),
('421', 'LURUACO', 'CO-ATL'),
('433', 'MALAMBO', 'CO-ATL'),
('436', 'MANATI', 'CO-ATL'),
('520', 'PALMAR DE VARELA', 'CO-ATL'),
('549', 'PIOJO', 'CO-ATL'),
('558', 'POLONUEVO', 'CO-ATL'),
('560', 'PONEDERA', 'CO-ATL'),
('573', 'PUERTO COLOMBIA', 'CO-ATL'),
('606', 'REPELON', 'CO-ATL'),
('634', 'SABANAGRANDE', 'CO-ATL'),
('638', 'SABANALARGA', 'CO-ATL'),
('675', 'SANTA LUCIA', 'CO-ATL'),
('685', 'SANTO TOMAS', 'CO-ATL'),
('758', 'SOLEDAD', 'CO-ATL'),
('770', 'SUAN', 'CO-ATL'),
('832', 'TUBARA', 'CO-ATL'),
('849', 'USIACURI', 'CO-ATL'),
('001', 'BOGOTA', 'CO-DC'),
('001', 'CARTAGENA', 'CO-BOL'),
('006', 'ACHI', 'CO-BOL'),
('030', 'ALTOS DEL ROSARIO', 'CO-BOL'),
('042', 'ARENAL', 'CO-BOL'),
('052', 'ARJONA', 'CO-BOL'),
('062', 'ARROYOHONDO', 'CO-BOL'),
('074', 'BARRANCO DE LOBA', 'CO-BOL'),
('140', 'CALAMAR', 'CO-BOL'),
('160', 'CANTAGALLO', 'CO-BOL'),
('188', 'CICUCO', 'CO-BOL'),
('212', 'CORDOBA', 'CO-BOL'),
('222', 'CLEMENCIA', 'CO-BOL'),
('244', 'EL CARMEN DE BOLIVAR', 'CO-BOL'),
('248', 'EL GUAMO', 'CO-BOL'),
('268', 'EL PEÑON', 'CO-BOL'),
('300', 'HATILLO DE LOBA', 'CO-BOL'),
('430', 'MAGANGUE', 'CO-BOL'),
('433', 'MAHATES', 'CO-BOL'),
('440', 'MARGARITA', 'CO-BOL'),
('442', 'MARIA LA BAJA', 'CO-BOL'),
('458', 'MONTECRISTO', 'CO-BOL'),
('468', 'MOMPOS', 'CO-BOL'),
('473', 'MORALES', 'CO-BOL'),
('549', 'PINILLOS', 'CO-BOL'),
('580', 'REGIDOR', 'CO-BOL'),
('600', 'RIO VIEJO', 'CO-BOL'),
('620', 'SAN CRISTOBAL', 'CO-BOL'),
('647', 'SAN ESTANISLAO', 'CO-BOL'),
('650', 'SAN FERNANDO', 'CO-BOL'),
('654', 'SAN JACINTO', 'CO-BOL'),
('655', 'SAN JACINTO DEL CAUCA', 'CO-BOL'),
('657', 'SAN JUAN NEPOMUCENO', 'CO-BOL'),
('667', 'SAN MARTIN DE LOBA', 'CO-BOL'),
('670', 'SAN PABLO', 'CO-BOL'),
('673', 'SANTA CATALINA', 'CO-BOL'),
('683', 'SANTA ROSA', 'CO-BOL'),
('688', 'SANTA ROSA DEL SUR', 'CO-BOL'),
('744', 'SIMITI', 'CO-BOL'),
('760', 'SOPLAVIENTO', 'CO-BOL'),
('780', 'TALAIGUA NUEVO', 'CO-BOL'),
('810', 'TIQUISIO', 'CO-BOL'),
('836', 'TURBACO', 'CO-BOL'),
('838', 'TURBANA', 'CO-BOL'),
('873', 'VILLANUEVA', 'CO-BOL'),
('894', 'ZAMBRANO', 'CO-BOL'),
('001', 'TUNJA', 'CO-BOY'),
('022', 'ALMEIDA', 'CO-BOY'),
('047', 'AQUITANIA', 'CO-BOY'),
('051', 'ARCABUCO', 'CO-BOY'),
('087', 'BELEN', 'CO-BOY'),
('090', 'BERBEO', 'CO-BOY'),
('092', 'BETEITIVA', 'CO-BOY'),
('097', 'BOAVITA', 'CO-BOY'),
('104', 'BOYACA', 'CO-BOY'),
('106', 'BRICEÑO', 'CO-BOY'),
('109', 'BUENAVISTA', 'CO-BOY'),
('114', 'BUSBANZA', 'CO-BOY'),
('131', 'CALDAS', 'CO-BOY'),
('135', 'CAMPOHERMOSO', 'CO-BOY'),
('162', 'CERINZA', 'CO-BOY'),
('172', 'CHINAVITA', 'CO-BOY'),
('176', 'CHIQUINQUIRA', 'CO-BOY'),
('180', 'CHISCAS', 'CO-BOY'),
('183', 'CHITA', 'CO-BOY'),
('185', 'CHITARAQUE', 'CO-BOY'),
('187', 'CHIVATA', 'CO-BOY'),
('189', 'CIENEGA', 'CO-BOY'),
('204', 'COMBITA', 'CO-BOY'),
('212', 'COPER', 'CO-BOY'),
('215', 'CORRALES', 'CO-BOY'),
('218', 'COVARACHIA', 'CO-BOY'),
('223', 'CUBARA', 'CO-BOY'),
('224', 'CUCAITA', 'CO-BOY'),
('226', 'CUITIVA', 'CO-BOY'),
('232', 'CHIQUIZA', 'CO-BOY'),
('236', 'CHIVOR', 'CO-BOY'),
('238', 'DUITAMA', 'CO-BOY'),
('244', 'EL COCUY', 'CO-BOY'),
('248', 'EL ESPINO', 'CO-BOY'),
('272', 'FIRAVITOBA', 'CO-BOY'),
('276', 'FLORESTA', 'CO-BOY'),
('293', 'GACHANTIVA', 'CO-BOY'),
('296', 'GAMEZA', 'CO-BOY'),
('299', 'GARAGOA', 'CO-BOY'),
('317', 'GUACAMAYAS', 'CO-BOY'),
('322', 'GUATEQUE', 'CO-BOY'),
('325', 'GUAYATA', 'CO-BOY'),
('332', 'GÜICAN', 'CO-BOY'),
('362', 'IZA', 'CO-BOY'),
('367', 'JENESANO', 'CO-BOY'),
('368', 'JERICO', 'CO-BOY'),
('377', 'LABRANZAGRANDE', 'CO-BOY'),
('380', 'LA CAPILLA', 'CO-BOY'),
('401', 'LA VICTORIA', 'CO-BOY'),
('403', 'LA UVITA', 'CO-BOY'),
('407', 'VILLA DE LEYVA', 'CO-BOY'),
('425', 'MACANAL', 'CO-BOY'),
('442', 'MARIPI', 'CO-BOY'),
('455', 'MIRAFLORES', 'CO-BOY'),
('464', 'MONGUA', 'CO-BOY'),
('466', 'MONGUI', 'CO-BOY'),
('469', 'MONIQUIRA', 'CO-BOY'),
('476', 'MOTAVITA', 'CO-BOY'),
('480', 'MUZO', 'CO-BOY'),
('491', 'NOBSA', 'CO-BOY'),
('494', 'NUEVO COLON', 'CO-BOY'),
('500', 'OICATA', 'CO-BOY'),
('507', 'OTANCHE', 'CO-BOY'),
('511', 'PACHAVITA', 'CO-BOY'),
('514', 'PAEZ', 'CO-BOY'),
('516', 'PAIPA', 'CO-BOY'),
('518', 'PAJARITO', 'CO-BOY'),
('522', 'PANQUEBA', 'CO-BOY'),
('531', 'PAUNA', 'CO-BOY'),
('533', 'PAYA', 'CO-BOY'),
('537', 'PAZ DE RIO', 'CO-BOY'),
('542', 'PESCA', 'CO-BOY'),
('550', 'PISBA', 'CO-BOY'),
('572', 'PUERTO BOYACA', 'CO-BOY'),
('580', 'QUIPAMA', 'CO-BOY'),
('599', 'RAMIRIQUI', 'CO-BOY'),
('600', 'RAQUIRA', 'CO-BOY'),
('621', 'RONDON', 'CO-BOY'),
('632', 'SABOYA', 'CO-BOY'),
('638', 'SACHICA', 'CO-BOY'),
('646', 'SAMACA', 'CO-BOY'),
('660', 'SAN EDUARDO', 'CO-BOY'),
('664', 'SAN JOSE DE PARE', 'CO-BOY'),
('667', 'SAN LUIS DE GACENO', 'CO-BOY'),
('673', 'SAN MATEO', 'CO-BOY'),
('676', 'SAN MIGUEL DE SEMA', 'CO-BOY'),
('681', 'SAN PABLO DE BORBUR', 'CO-BOY'),
('686', 'SANTANA', 'CO-BOY'),
('690', 'SANTA MARIA', 'CO-BOY'),
('693', 'SANTA ROSA DE VITERBO', 'CO-BOY'),
('696', 'SANTA SOFIA', 'CO-BOY'),
('720', 'SATIVANORTE', 'CO-BOY'),
('723', 'SATIVASUR', 'CO-BOY'),
('740', 'SIACHOQUE', 'CO-BOY'),
('753', 'SOATA', 'CO-BOY'),
('755', 'SOCOTA', 'CO-BOY'),
('757', 'SOCHA', 'CO-BOY'),
('759', 'SOGAMOSO', 'CO-BOY'),
('761', 'SOMONDOCO', 'CO-BOY'),
('762', 'SORA', 'CO-BOY'),
('763', 'SOTAQUIRA', 'CO-BOY'),
('764', 'SORACA', 'CO-BOY'),
('774', 'SUSACON', 'CO-BOY'),
('776', 'SUTAMARCHAN', 'CO-BOY'),
('778', 'SUTATENZA', 'CO-BOY'),
('790', 'TASCO', 'CO-BOY'),
('798', 'TENZA', 'CO-BOY'),
('804', 'TIBANA', 'CO-BOY'),
('806', 'TIBASOSA', 'CO-BOY'),
('808', 'TINJACA', 'CO-BOY'),
('810', 'TIPACOQUE', 'CO-BOY'),
('814', 'TOCA', 'CO-BOY'),
('816', 'TOGÜI', 'CO-BOY'),
('820', 'TOPAGA', 'CO-BOY'),
('822', 'TOTA', 'CO-BOY'),
('832', 'TUNUNGUA', 'CO-BOY'),
('835', 'TURMEQUE', 'CO-BOY'),
('837', 'TUTA', 'CO-BOY'),
('839', 'TUTAZA', 'CO-BOY'),
('842', 'UMBITA', 'CO-BOY'),
('861', 'VENTAQUEMADA', 'CO-BOY'),
('879', 'VIRACACHA', 'CO-BOY'),
('897', 'ZETAQUIRA', 'CO-BOY'),
('001', 'MANIZALES', 'CO-CAL'),
('013', 'AGUADAS', 'CO-CAL'),
('042', 'ANSERMA', 'CO-CAL'),
('050', 'ARANZAZU', 'CO-CAL'),
('088', 'BELALCAZAR', 'CO-CAL'),
('174', 'CHINCHINA', 'CO-CAL'),
('272', 'FILADELFIA', 'CO-CAL'),
('380', 'LA DORADA', 'CO-CAL'),
('388', 'LA MERCED', 'CO-CAL'),
('433', 'MANZANARES', 'CO-CAL'),
('442', 'MARMATO', 'CO-CAL'),
('444', 'MARQUETALIA', 'CO-CAL'),
('446', 'MARULANDA', 'CO-CAL'),
('486', 'NEIRA', 'CO-CAL'),
('495', 'NORCASIA', 'CO-CAL'),
('513', 'PACORA', 'CO-CAL'),
('524', 'PALESTINA', 'CO-CAL'),
('541', 'PENSILVANIA', 'CO-CAL'),
('614', 'RIOSUCIO', 'CO-CAL'),
('616', 'RISARALDA', 'CO-CAL'),
('653', 'SALAMINA', 'CO-CAL'),
('662', 'SAMANA', 'CO-CAL'),
('665', 'SAN JOSE', 'CO-CAL'),
('777', 'SUPIA', 'CO-CAL'),
('867', 'VICTORIA', 'CO-CAL'),
('873', 'VILLAMARIA', 'CO-CAL'),
('877', 'VITERBO', 'CO-CAL'),
('001', 'FLORENCIA', 'CO-CAQ'),
('029', 'ALBANIA', 'CO-CAQ'),
('094', 'BELEN DE LOS ANDAQUIES', 'CO-CAQ'),
('150', 'CARTAGENA DEL CHAIRA', 'CO-CAQ'),
('205', 'CURILLO', 'CO-CAQ'),
('247', 'EL DONCELLO', 'CO-CAQ'),
('256', 'EL PAUJIL', 'CO-CAQ'),
('410', 'LA MONTAÑITA', 'CO-CAQ'),
('460', 'MILAN', 'CO-CAQ'),
('479', 'MORELIA', 'CO-CAQ'),
('592', 'PUERTO RICO', 'CO-CAQ'),
('610', 'SAN JOSE DE LA FRAGUA', 'CO-CAQ'),
('753', 'SAN VICENTE DEL CAGUAN', 'CO-CAQ'),
('756', 'SOLANO', 'CO-CAQ'),
('785', 'SOLITA', 'CO-CAQ'),
('860', 'VALPARAISO', 'CO-CAQ'),
('001', 'YOPAL', 'CO-CAS'),
('010', 'AGUAZUL', 'CO-CAS'),
('015', 'CHAMEZA', 'CO-CAS'),
('125', 'HATO COROZAL', 'CO-CAS'),
('136', 'LA SALINA', 'CO-CAS'),
('139', 'MANI', 'CO-CAS'),
('162', 'MONTERREY', 'CO-CAS'),
('225', 'NUNCHIA', 'CO-CAS'),
('230', 'OROCUE', 'CO-CAS'),
('250', 'PAZ DE ARIPORO', 'CO-CAS'),
('263', 'PORE', 'CO-CAS'),
('279', 'RECETOR', 'CO-CAS'),
('300', 'SABANALARGA', 'CO-CAS'),
('315', 'SACAMA', 'CO-CAS'),
('325', 'SAN LUIS DE PALENQUE', 'CO-CAS'),
('400', 'TAMARA', 'CO-CAS'),
('410', 'TAURAMENA', 'CO-CAS'),
('430', 'TRINIDAD', 'CO-CAS'),
('440', 'VILLANUEVA', 'CO-CAS'),
('001', 'POPAYAN', 'CO-CAU'),
('022', 'ALMAGUER', 'CO-CAU'),
('050', 'ARGELIA', 'CO-CAU'),
('075', 'BALBOA', 'CO-CAU'),
('100', 'BOLIVAR', 'CO-CAU'),
('110', 'BUENOS AIRES', 'CO-CAU'),
('130', 'CAJIBIO', 'CO-CAU'),
('137', 'CALDONO', 'CO-CAU'),
('142', 'CALOTO', 'CO-CAU'),
('212', 'CORINTO', 'CO-CAU'),
('256', 'EL TAMBO', 'CO-CAU'),
('290', 'FLORENCIA', 'CO-CAU'),
('318', 'GUAPI', 'CO-CAU'),
('355', 'INZA', 'CO-CAU'),
('364', 'JAMBALO', 'CO-CAU'),
('392', 'LA SIERRA', 'CO-CAU'),
('397', 'LA VEGA', 'CO-CAU'),
('418', 'LOPEZ', 'CO-CAU'),
('450', 'MERCADERES', 'CO-CAU'),
('455', 'MIRANDA', 'CO-CAU'),
('473', 'MORALES', 'CO-CAU'),
('513', 'PADILLA', 'CO-CAU'),
('517', 'PAEZ', 'CO-CAU'),
('532', 'PATIA', 'CO-CAU'),
('533', 'PIAMONTE', 'CO-CAU'),
('548', 'PIENDAMO', 'CO-CAU'),
('573', 'PUERTO TEJADA', 'CO-CAU'),
('585', 'PURACE', 'CO-CAU'),
('622', 'ROSAS', 'CO-CAU'),
('693', 'SAN SEBASTIAN', 'CO-CAU'),
('698', 'SANTANDER DE QUILICHAO', 'CO-CAU'),
('701', 'SANTA ROSA', 'CO-CAU'),
('743', 'SILVIA', 'CO-CAU'),
('760', 'SOTARA', 'CO-CAU'),
('780', 'SUAREZ', 'CO-CAU'),
('785', 'SUCRE', 'CO-CAU'),
('807', 'TIMBIO', 'CO-CAU'),
('809', 'TIMBIQUI', 'CO-CAU'),
('821', 'TORIBIO', 'CO-CAU'),
('824', 'TOTORO', 'CO-CAU'),
('845', 'VILLA RICA', 'CO-CAU'),
('001', 'VALLEDUPAR', 'CO-CES'),
('011', 'AGUACHICA', 'CO-CES'),
('013', 'AGUSTIN CODAZZI', 'CO-CES'),
('032', 'ASTREA', 'CO-CES'),
('045', 'BECERRIL', 'CO-CES'),
('060', 'BOSCONIA', 'CO-CES'),
('175', 'CHIMICHAGUA', 'CO-CES'),
('178', 'CHIRIGUANA', 'CO-CES'),
('228', 'CURUMANI', 'CO-CES'),
('238', 'EL COPEY', 'CO-CES'),
('250', 'EL PASO', 'CO-CES'),
('295', 'GAMARRA', 'CO-CES'),
('310', 'GONZALEZ', 'CO-CES'),
('383', 'LA GLORIA', 'CO-CES'),
('400', 'LA JAGUA DE IBIRICO', 'CO-CES'),
('443', 'MANAURE', 'CO-CES'),
('517', 'PAILITAS', 'CO-CES'),
('550', 'PELAYA', 'CO-CES'),
('570', 'PUEBLO BELLO', 'CO-CES'),
('614', 'RIO DE ORO', 'CO-CES'),
('621', 'LA PAZ', 'CO-CES'),
('710', 'SAN ALBERTO', 'CO-CES'),
('750', 'SAN DIEGO', 'CO-CES'),
('770', 'SAN MARTIN', 'CO-CES'),
('787', 'TAMALAMEQUE', 'CO-CES'),
('001', 'QUIBDO', 'CO-CHO'),
('006', 'ACANDI', 'CO-CHO'),
('025', 'ALTO BAUDO', 'CO-CHO'),
('050', 'ATRATO', 'CO-CHO'),
('073', 'BAGADO', 'CO-CHO'),
('075', 'BAHIA SOLANO', 'CO-CHO'),
('077', 'BAJO BAUDO', 'CO-CHO'),
('086', 'BELEN DE BAJIRA', 'CO-CHO'),
('099', 'BOJAYA', 'CO-CHO'),
('135', 'EL CANTON DEL SAN PABLO', 'CO-CHO'),
('150', 'CARMEN DEL DARIEN', 'CO-CHO'),
('160', 'CERTEGUI', 'CO-CHO'),
('205', 'CONDOTO', 'CO-CHO'),
('245', 'EL CARMEN DE ATRATO', 'CO-CHO'),
('250', 'EL LITORAL DEL SAN JUAN', 'CO-CHO'),
('361', 'ISTMINA', 'CO-CHO'),
('372', 'JURADO', 'CO-CHO'),
('413', 'LLORO', 'CO-CHO'),
('425', 'MEDIO ATRATO', 'CO-CHO'),
('430', 'MEDIO BAUDO', 'CO-CHO'),
('450', 'MEDIO SAN JUAN', 'CO-CHO'),
('491', 'NOVITA', 'CO-CHO'),
('495', 'NUQUI', 'CO-CHO'),
('580', 'RIO IRO', 'CO-CHO'),
('600', 'RIO QUITO', 'CO-CHO'),
('615', 'RIOSUCIO', 'CO-CHO'),
('660', 'SAN JOSE DEL PALMAR', 'CO-CHO'),
('745', 'SIPI', 'CO-CHO'),
('787', 'TADO', 'CO-CHO'),
('800', 'UNGUIA', 'CO-CHO'),
('810', 'UNION PANAMERICANA', 'CO-CHO'),
('001', 'MONTERIA', 'CO-COR'),
('068', 'AYAPEL', 'CO-COR'),
('079', 'BUENAVISTA', 'CO-COR'),
('090', 'CANALETE', 'CO-COR'),
('162', 'CERETE', 'CO-COR'),
('168', 'CHIMA', 'CO-COR'),
('182', 'CHINU', 'CO-COR'),
('189', 'CIENAGA DE ORO', 'CO-COR'),
('300', 'COTORRA', 'CO-COR'),
('350', 'LA APARTADA', 'CO-COR'),
('417', 'LORICA', 'CO-COR'),
('419', 'LOS CORDOBAS', 'CO-COR'),
('464', 'MOMIL', 'CO-COR'),
('466', 'MONTELIBANO', 'CO-COR'),
('500', 'MOÑITOS', 'CO-COR'),
('555', 'PLANETA RICA', 'CO-COR'),
('570', 'PUEBLO NUEVO', 'CO-COR'),
('574', 'PUERTO ESCONDIDO', 'CO-COR'),
('580', 'PUERTO LIBERTADOR', 'CO-COR'),
('586', 'PURISIMA', 'CO-COR'),
('660', 'SAHAGUN', 'CO-COR'),
('670', 'SAN ANDRES DE SOTAVENTO', 'CO-COR'),
('672', 'SAN ANTERO', 'CO-COR'),
('675', 'SAN BERNARDO DEL VIENTO', 'CO-COR'),
('678', 'SAN CARLOS', 'CO-COR'),
('686', 'SAN PELAYO', 'CO-COR'),
('807', 'TIERRALTA', 'CO-COR'),
('855', 'VALENCIA', 'CO-COR'),
('001', 'AGUA DE DIOS', 'CO-CUN'),
('019', 'ALBAN', 'CO-CUN'),
('035', 'ANAPOIMA', 'CO-CUN'),
('040', 'ANOLAIMA', 'CO-CUN'),
('053', 'ARBELAEZ', 'CO-CUN'),
('086', 'BELTRAN', 'CO-CUN'),
('095', 'BITUIMA', 'CO-CUN'),
('099', 'BOJACA', 'CO-CUN'),
('120', 'CABRERA', 'CO-CUN'),
('123', 'CACHIPAY', 'CO-CUN'),
('126', 'CAJICA', 'CO-CUN'),
('148', 'CAPARRAPI', 'CO-CUN'),
('151', 'CAQUEZA', 'CO-CUN'),
('154', 'CARMEN DE CARUPA', 'CO-CUN'),
('168', 'CHAGUANI', 'CO-CUN'),
('175', 'CHIA', 'CO-CUN'),
('178', 'CHIPAQUE', 'CO-CUN'),
('181', 'CHOACHI', 'CO-CUN'),
('183', 'CHOCONTA', 'CO-CUN'),
('200', 'COGUA', 'CO-CUN'),
('214', 'COTA', 'CO-CUN'),
('224', 'CUCUNUBA', 'CO-CUN'),
('245', 'EL COLEGIO', 'CO-CUN'),
('258', 'EL PEÑON', 'CO-CUN'),
('260', 'EL ROSAL', 'CO-CUN'),
('269', 'FACATATIVA', 'CO-CUN'),
('279', 'FOMEQUE', 'CO-CUN'),
('281', 'FOSCA', 'CO-CUN'),
('286', 'FUNZA', 'CO-CUN'),
('288', 'FUQUENE', 'CO-CUN'),
('290', 'FUSAGASUGA', 'CO-CUN'),
('293', 'GACHALA', 'CO-CUN'),
('295', 'GACHANCIPA', 'CO-CUN'),
('297', 'GACHETA', 'CO-CUN'),
('299', 'GAMA', 'CO-CUN'),
('307', 'GIRARDOT', 'CO-CUN'),
('312', 'GRANADA', 'CO-CUN'),
('317', 'GUACHETA', 'CO-CUN'),
('320', 'GUADUAS', 'CO-CUN'),
('322', 'GUASCA', 'CO-CUN'),
('324', 'GUATAQUI', 'CO-CUN'),
('326', 'GUATAVITA', 'CO-CUN'),
('328', 'GUAYABAL DE SIQUIMA', 'CO-CUN'),
('335', 'GUAYABETAL', 'CO-CUN'),
('339', 'GUTIERREZ', 'CO-CUN'),
('368', 'JERUSALEN', 'CO-CUN'),
('372', 'JUNIN', 'CO-CUN'),
('377', 'LA CALERA', 'CO-CUN'),
('386', 'LA MESA', 'CO-CUN'),
('394', 'LA PALMA', 'CO-CUN'),
('398', 'LA PEÑA', 'CO-CUN'),
('402', 'LA VEGA', 'CO-CUN'),
('407', 'LENGUAZAQUE', 'CO-CUN'),
('426', 'MACHETA', 'CO-CUN'),
('430', 'MADRID', 'CO-CUN'),
('436', 'MANTA', 'CO-CUN'),
('438', 'MEDINA', 'CO-CUN'),
('473', 'MOSQUERA', 'CO-CUN'),
('483', 'NARIÑO', 'CO-CUN'),
('486', 'NEMOCON', 'CO-CUN'),
('488', 'NILO', 'CO-CUN'),
('489', 'NIMAIMA', 'CO-CUN'),
('491', 'NOCAIMA', 'CO-CUN'),
('506', 'VENECIA', 'CO-CUN'),
('513', 'PACHO', 'CO-CUN'),
('518', 'PAIME', 'CO-CUN'),
('524', 'PANDI', 'CO-CUN'),
('530', 'PARATEBUENO', 'CO-CUN'),
('535', 'PASCA', 'CO-CUN'),
('572', 'PUERTO SALGAR', 'CO-CUN'),
('580', 'PULI', 'CO-CUN'),
('592', 'QUEBRADANEGRA', 'CO-CUN'),
('594', 'QUETAME', 'CO-CUN'),
('596', 'QUIPILE', 'CO-CUN'),
('599', 'APULO', 'CO-CUN'),
('612', 'RICAURTE', 'CO-CUN'),
('645', 'SAN ANTONIO DEL TEQUENDAMA', 'CO-CUN'),
('649', 'SAN BERNARDO', 'CO-CUN'),
('653', 'SAN CAYETANO', 'CO-CUN'),
('658', 'SAN FRANCISCO', 'CO-CUN'),
('662', 'SAN JUAN DE RIO SECO', 'CO-CUN'),
('718', 'SASAIMA', 'CO-CUN'),
('736', 'SESQUILE', 'CO-CUN'),
('740', 'SIBATE', 'CO-CUN'),
('743', 'SILVANIA', 'CO-CUN'),
('745', 'SIMIJACA', 'CO-CUN'),
('754', 'SOACHA', 'CO-CUN'),
('758', 'SOPO', 'CO-CUN'),
('769', 'SUBACHOQUE', 'CO-CUN'),
('772', 'SUESCA', 'CO-CUN'),
('777', 'SUPATA', 'CO-CUN'),
('779', 'SUSA', 'CO-CUN'),
('781', 'SUTATAUSA', 'CO-CUN'),
('785', 'TABIO', 'CO-CUN'),
('793', 'TAUSA', 'CO-CUN'),
('797', 'TENA', 'CO-CUN'),
('799', 'TENJO', 'CO-CUN'),
('805', 'TIBACUY', 'CO-CUN'),
('807', 'TIBIRITA', 'CO-CUN'),
('815', 'TOCAIMA', 'CO-CUN'),
('817', 'TOCANCIPA', 'CO-CUN'),
('823', 'TOPAIPI', 'CO-CUN'),
('839', 'UBALA', 'CO-CUN'),
('841', 'UBAQUE', 'CO-CUN'),
('843', 'VILLA DE SAN DIEGO DE UBATE', 'CO-CUN'),
('845', 'UNE', 'CO-CUN'),
('851', 'UTICA', 'CO-CUN'),
('862', 'VERGARA', 'CO-CUN'),
('867', 'VIANI', 'CO-CUN'),
('871', 'VILLAGOMEZ', 'CO-CUN'),
('873', 'VILLAPINZON', 'CO-CUN'),
('875', 'VILLETA', 'CO-CUN'),
('878', 'VIOTA', 'CO-CUN'),
('885', 'YACOPI', 'CO-CUN'),
('898', 'ZIPACON', 'CO-CUN'),
('899', 'ZIPAQUIRA', 'CO-CUN'),
('001', 'INIRIDA', 'CO-GUA'),
('343', 'BARRANCO MINAS', 'CO-GUA'),
('663', 'MAPIRIPANA', 'CO-GUA'),
('883', 'SAN FELIPE', 'CO-GUA'),
('884', 'PUERTO COLOMBIA', 'CO-GUA'),
('885', 'LA GUADALUPE', 'CO-GUA'),
('886', 'CACAHUAL', 'CO-GUA'),
('887', 'PANA PANA', 'CO-GUA'),
('888', 'MORICHAL', 'CO-GUA'),
('001', 'SAN JOSE DEL GUAVIARE', 'CO-GUV'),
('015', 'CALAMAR', 'CO-GUV'),
('025', 'EL RETORNO', 'CO-GUV'),
('200', 'MIRAFLORES', 'CO-GUV'),
('001', 'NEIVA', 'CO-HUI'),
('006', 'ACEVEDO', 'CO-HUI'),
('013', 'AGRADO', 'CO-HUI'),
('016', 'AIPE', 'CO-HUI'),
('020', 'ALGECIRAS', 'CO-HUI'),
('026', 'ALTAMIRA', 'CO-HUI'),
('078', 'BARAYA', 'CO-HUI'),
('132', 'CAMPOALEGRE', 'CO-HUI'),
('206', 'COLOMBIA', 'CO-HUI'),
('244', 'ELIAS', 'CO-HUI'),
('298', 'GARZON', 'CO-HUI'),
('306', 'GIGANTE', 'CO-HUI'),
('319', 'GUADALUPE', 'CO-HUI'),
('349', 'HOBO', 'CO-HUI'),
('357', 'IQUIRA', 'CO-HUI'),
('359', 'ISNOS', 'CO-HUI'),
('378', 'LA ARGENTINA', 'CO-HUI'),
('396', 'LA PLATA', 'CO-HUI'),
('483', 'NATAGA', 'CO-HUI'),
('503', 'OPORAPA', 'CO-HUI'),
('518', 'PAICOL', 'CO-HUI'),
('524', 'PALERMO', 'CO-HUI'),
('530', 'PALESTINA', 'CO-HUI'),
('548', 'PITAL', 'CO-HUI'),
('551', 'PITALITO', 'CO-HUI'),
('615', 'RIVERA', 'CO-HUI'),
('660', 'SALADOBLANCO', 'CO-HUI'),
('668', 'SAN AGUSTIN', 'CO-HUI'),
('676', 'SANTA MARIA', 'CO-HUI'),
('770', 'SUAZA', 'CO-HUI'),
('791', 'TARQUI', 'CO-HUI'),
('797', 'TESALIA', 'CO-HUI'),
('799', 'TELLO', 'CO-HUI'),
('801', 'TERUEL', 'CO-HUI'),
('807', 'TIMANA', 'CO-HUI'),
('872', 'VILLAVIEJA', 'CO-HUI'),
('885', 'YAGUARA', 'CO-HUI'),
('001', 'RIOHACHA', 'CO-LAG'),
('035', 'ALBANIA', 'CO-LAG'),
('078', 'BARRANCAS', 'CO-LAG'),
('090', 'DIBULLA', 'CO-LAG'),
('098', 'DISTRACCION', 'CO-LAG'),
('110', 'EL MOLINO', 'CO-LAG'),
('279', 'FONSECA', 'CO-LAG'),
('378', 'HATONUEVO', 'CO-LAG'),
('420', 'LA JAGUA DEL PILAR', 'CO-LAG'),
('430', 'MAICAO', 'CO-LAG'),
('560', 'MANAURE', 'CO-LAG'),
('650', 'SAN JUAN DEL CESAR', 'CO-LAG'),
('847', 'URIBIA', 'CO-LAG'),
('855', 'URUMITA', 'CO-LAG'),
('874', 'VILLANUEVA', 'CO-LAG'),
('001', 'SANTA MARTA', 'CO-MAG'),
('030', 'ALGARROBO', 'CO-MAG'),
('053', 'ARACATACA', 'CO-MAG'),
('058', 'ARIGUANI', 'CO-MAG'),
('161', 'CERRO SAN ANTONIO', 'CO-MAG'),
('170', 'CHIVOLO', 'CO-MAG'),
('189', 'CIENAGA', 'CO-MAG'),
('205', 'CONCORDIA', 'CO-MAG'),
('245', 'EL BANCO', 'CO-MAG'),
('258', 'EL PIÑON', 'CO-MAG'),
('268', 'EL RETEN', 'CO-MAG'),
('288', 'FUNDACION', 'CO-MAG'),
('318', 'GUAMAL', 'CO-MAG'),
('460', 'NUEVA GRANADA', 'CO-MAG'),
('541', 'PEDRAZA', 'CO-MAG'),
('545', 'PIJIÑO DEL CARMEN', 'CO-MAG'),
('551', 'PIVIJAY', 'CO-MAG'),
('555', 'PLATO', 'CO-MAG'),
('570', 'PUEBLOVIEJO', 'CO-MAG'),
('605', 'REMOLINO', 'CO-MAG'),
('660', 'SABANAS DE SAN ANGEL', 'CO-MAG'),
('675', 'SALAMINA', 'CO-MAG'),
('692', 'SAN SEBASTIAN', 'CO-MAG'),
('703', 'SAN ZENON', 'CO-MAG'),
('707', 'SANTA ANA', 'CO-MAG'),
('720', 'SANTA BARBARA DE PINTO', 'CO-MAG'),
('745', 'SITIONUEVO', 'CO-MAG'),
('798', 'TENERIFE', 'CO-MAG'),
('960', 'ZAPAYAN', 'CO-MAG'),
('980', 'ZONA BANANERA', 'CO-MAG'),
('001', 'VILLAVICENCIO', 'CO-MET'),
('006', 'ACACIAS', 'CO-MET'),
('110', 'BARRANCA DE UPIA', 'CO-MET'),
('124', 'CABUYARO', 'CO-MET'),
('150', 'CASTILLA LA NUEVA', 'CO-MET'),
('223', 'CUBARRAL', 'CO-MET'),
('226', 'CUMARAL', 'CO-MET'),
('245', 'EL CALVARIO', 'CO-MET'),
('251', 'EL CASTILLO', 'CO-MET'),
('270', 'EL DORADO', 'CO-MET'),
('287', 'FUENTE DE ORO', 'CO-MET'),
('313', 'GRANADA', 'CO-MET'),
('318', 'GUAMAL', 'CO-MET'),
('325', 'MAPIRIPAN', 'CO-MET'),
('330', 'MESETAS', 'CO-MET'),
('350', 'LA MACARENA', 'CO-MET'),
('370', 'URIBE', 'CO-MET'),
('400', 'LEJANIAS', 'CO-MET'),
('450', 'PUERTO CONCORDIA', 'CO-MET'),
('568', 'PUERTO GAITAN', 'CO-MET'),
('573', 'PUERTO LOPEZ', 'CO-MET'),
('577', 'PUERTO LLERAS', 'CO-MET'),
('590', 'PUERTO RICO', 'CO-MET'),
('606', 'RESTREPO', 'CO-MET'),
('680', 'SAN CARLOS DE GUAROA', 'CO-MET'),
('683', 'SAN JUAN DE ARAMA', 'CO-MET'),
('686', 'SAN JUANITO', 'CO-MET'),
('689', 'SAN MARTIN', 'CO-MET'),
('711', 'VISTA HERMOSA', 'CO-MET'),
('001', 'PASTO', 'CO-NAR'),
('019', 'ALBAN', 'CO-NAR'),
('022', 'ALDANA', 'CO-NAR'),
('036', 'ANCUYA', 'CO-NAR'),
('051', 'ARBOLEDA', 'CO-NAR'),
('079', 'BARBACOAS', 'CO-NAR'),
('083', 'BELEN', 'CO-NAR'),
('110', 'BUESACO', 'CO-NAR'),
('203', 'COLON', 'CO-NAR'),
('207', 'CONSACA', 'CO-NAR'),
('210', 'CONTADERO', 'CO-NAR'),
('215', 'CORDOBA', 'CO-NAR'),
('224', 'CUASPUD', 'CO-NAR'),
('227', 'CUMBAL', 'CO-NAR'),
('233', 'CUMBITARA', 'CO-NAR'),
('240', 'CHACHAGÜI', 'CO-NAR'),
('250', 'EL CHARCO', 'CO-NAR'),
('254', 'EL PEÑOL', 'CO-NAR'),
('256', 'EL ROSARIO', 'CO-NAR'),
('258', 'EL TABLON DE GOMEZ', 'CO-NAR'),
('260', 'EL TAMBO', 'CO-NAR'),
('287', 'FUNES', 'CO-NAR'),
('317', 'GUACHUCAL', 'CO-NAR'),
('320', 'GUAITARILLA', 'CO-NAR'),
('323', 'GUALMATAN', 'CO-NAR'),
('352', 'ILES', 'CO-NAR'),
('354', 'IMUES', 'CO-NAR'),
('356', 'IPIALES', 'CO-NAR'),
('378', 'LA CRUZ', 'CO-NAR'),
('381', 'LA FLORIDA', 'CO-NAR'),
('385', 'LA LLANADA', 'CO-NAR'),
('390', 'LA TOLA', 'CO-NAR'),
('399', 'LA UNION', 'CO-NAR'),
('405', 'LEIVA', 'CO-NAR'),
('411', 'LINARES', 'CO-NAR'),
('418', 'LOS ANDES', 'CO-NAR'),
('427', 'MAGÜI', 'CO-NAR'),
('435', 'MALLAMA', 'CO-NAR'),
('473', 'MOSQUERA', 'CO-NAR'),
('480', 'NARIÑO', 'CO-NAR'),
('490', 'OLAYA HERRERA', 'CO-NAR'),
('506', 'OSPINA', 'CO-NAR'),
('520', 'FRANCISCO PIZARRO', 'CO-NAR'),
('540', 'POLICARPA', 'CO-NAR'),
('560', 'POTOSI', 'CO-NAR'),
('565', 'PROVIDENCIA', 'CO-NAR'),
('573', 'PUERRES', 'CO-NAR'),
('585', 'PUPIALES', 'CO-NAR'),
('612', 'RICAURTE', 'CO-NAR'),
('621', 'ROBERTO PAYAN', 'CO-NAR'),
('678', 'SAMANIEGO', 'CO-NAR'),
('683', 'SANDONA', 'CO-NAR'),
('685', 'SAN BERNARDO', 'CO-NAR'),
('687', 'SAN LORENZO', 'CO-NAR'),
('693', 'SAN PABLO', 'CO-NAR'),
('694', 'SAN PEDRO DE CARTAGO', 'CO-NAR'),
('696', 'SANTA BARBARA', 'CO-NAR'),
('699', 'SANTACRUZ', 'CO-NAR'),
('720', 'SAPUYES', 'CO-NAR'),
('786', 'TAMINANGO', 'CO-NAR'),
('788', 'TANGUA', 'CO-NAR'),
('835', 'TUMACO', 'CO-NAR'),
('838', 'TUQUERRES', 'CO-NAR'),
('885', 'YACUANQUER', 'CO-NAR'),
('001', 'CUCUTA', 'CO-NSA'),
('003', 'ABREGO', 'CO-NSA'),
('051', 'ARBOLEDAS', 'CO-NSA'),
('099', 'BOCHALEMA', 'CO-NSA'),
('109', 'BUCARASICA', 'CO-NSA'),
('125', 'CACOTA', 'CO-NSA'),
('128', 'CACHIRA', 'CO-NSA'),
('172', 'CHINACOTA', 'CO-NSA'),
('174', 'CHITAGA', 'CO-NSA'),
('206', 'CONVENCION', 'CO-NSA'),
('223', 'CUCUTILLA', 'CO-NSA'),
('239', 'DURANIA', 'CO-NSA'),
('245', 'EL CARMEN', 'CO-NSA'),
('250', 'EL TARRA', 'CO-NSA'),
('261', 'EL ZULIA', 'CO-NSA'),
('313', 'GRAMALOTE', 'CO-NSA'),
('344', 'HACARI', 'CO-NSA'),
('347', 'HERRAN', 'CO-NSA'),
('377', 'LABATECA', 'CO-NSA'),
('385', 'LA ESPERANZA', 'CO-NSA'),
('398', 'LA PLAYA', 'CO-NSA'),
('405', 'LOS PATIOS', 'CO-NSA'),
('418', 'LOURDES', 'CO-NSA'),
('480', 'MUTISCUA', 'CO-NSA'),
('498', 'OCAÑA', 'CO-NSA'),
('518', 'PAMPLONA', 'CO-NSA'),
('520', 'PAMPLONITA', 'CO-NSA'),
('553', 'PUERTO SANTANDER', 'CO-NSA'),
('599', 'RAGONVALIA', 'CO-NSA'),
('660', 'SALAZAR', 'CO-NSA'),
('670', 'SAN CALIXTO', 'CO-NSA'),
('673', 'SAN CAYETANO', 'CO-NSA'),
('680', 'SANTIAGO', 'CO-NSA'),
('720', 'SARDINATA', 'CO-NSA'),
('743', 'SILOS', 'CO-NSA'),
('800', 'TEORAMA', 'CO-NSA'),
('810', 'TIBU', 'CO-NSA'),
('820', 'TOLEDO', 'CO-NSA'),
('871', 'VILLA CARO', 'CO-NSA'),
('874', 'VILLA DEL ROSARIO', 'CO-NSA'),
('001', 'MOCOA', 'CO-PUT'),
('219', 'COLON', 'CO-PUT'),
('320', 'ORITO', 'CO-PUT'),
('568', 'PUERTO ASIS', 'CO-PUT'),
('569', 'PUERTO CAICEDO', 'CO-PUT'),
('571', 'PUERTO GUZMAN', 'CO-PUT'),
('573', 'LEGUIZAMO', 'CO-PUT'),
('749', 'SIBUNDOY', 'CO-PUT'),
('755', 'SAN FRANCISCO', 'CO-PUT'),
('757', 'SAN MIGUEL', 'CO-PUT'),
('760', 'SANTIAGO', 'CO-PUT'),
('865', 'VALLE DEL GUAMUEZ', 'CO-PUT'),
('885', 'VILLAGARZON', 'CO-PUT'),
('001', 'ARMENIA', 'CO-QUI'),
('111', 'BUENAVISTA', 'CO-QUI'),
('130', 'CALARCA', 'CO-QUI'),
('190', 'CIRCASIA', 'CO-QUI'),
('212', 'CORDOBA', 'CO-QUI'),
('272', 'FILANDIA', 'CO-QUI'),
('302', 'GENOVA', 'CO-QUI'),
('401', 'LA TEBAIDA', 'CO-QUI'),
('470', 'MONTENEGRO', 'CO-QUI'),
('548', 'PIJAO', 'CO-QUI'),
('594', 'QUIMBAYA', 'CO-QUI'),
('690', 'SALENTO', 'CO-QUI'),
('001', 'PEREIRA', 'CO-RIS'),
('045', 'APIA', 'CO-RIS'),
('075', 'BALBOA', 'CO-RIS'),
('088', 'BELEN DE UMBRIA', 'CO-RIS'),
('170', 'DOSQUEBRADAS', 'CO-RIS'),
('318', 'GUATICA', 'CO-RIS'),
('383', 'LA CELIA', 'CO-RIS'),
('400', 'LA VIRGINIA', 'CO-RIS'),
('440', 'MARSELLA', 'CO-RIS'),
('456', 'MISTRATO', 'CO-RIS'),
('572', 'PUEBLO RICO', 'CO-RIS'),
('594', 'QUINCHIA', 'CO-RIS'),
('682', 'SANTA ROSA DE CABAL', 'CO-RIS'),
('687', 'SANTUARIO', 'CO-RIS'),
('001', 'SAN ANDRES', 'CO-SAP'),
('564', 'PROVIDENCIA', 'CO-SAP'),
('001', 'BUCARAMANGA', 'CO-SAN'),
('013', 'AGUADA', 'CO-SAN'),
('020', 'ALBANIA', 'CO-SAN'),
('051', 'ARATOCA', 'CO-SAN'),
('077', 'BARBOSA', 'CO-SAN'),
('079', 'BARICHARA', 'CO-SAN'),
('081', 'BARRANCABERMEJA', 'CO-SAN'),
('092', 'BETULIA', 'CO-SAN'),
('101', 'BOLIVAR', 'CO-SAN'),
('121', 'CABRERA', 'CO-SAN'),
('132', 'CALIFORNIA', 'CO-SAN'),
('147', 'CAPITANEJO', 'CO-SAN'),
('152', 'CARCASI', 'CO-SAN'),
('160', 'CEPITA', 'CO-SAN'),
('162', 'CERRITO', 'CO-SAN'),
('167', 'CHARALA', 'CO-SAN'),
('169', 'CHARTA', 'CO-SAN'),
('176', 'CHIMA', 'CO-SAN'),
('179', 'CHIPATA', 'CO-SAN'),
('190', 'CIMITARRA', 'CO-SAN'),
('207', 'CONCEPCION', 'CO-SAN'),
('209', 'CONFINES', 'CO-SAN'),
('211', 'CONTRATACION', 'CO-SAN'),
('217', 'COROMORO', 'CO-SAN'),
('229', 'CURITI', 'CO-SAN'),
('235', 'EL CARMEN DE CHUCURI', 'CO-SAN'),
('245', 'EL GUACAMAYO', 'CO-SAN'),
('250', 'EL PEÑON', 'CO-SAN'),
('255', 'EL PLAYON', 'CO-SAN'),
('264', 'ENCINO', 'CO-SAN'),
('266', 'ENCISO', 'CO-SAN'),
('271', 'FLORIAN', 'CO-SAN'),
('276', 'FLORIDABLANCA', 'CO-SAN'),
('296', 'GALAN', 'CO-SAN'),
('298', 'GAMBITA', 'CO-SAN'),
('307', 'GIRON', 'CO-SAN'),
('318', 'GUACA', 'CO-SAN'),
('320', 'GUADALUPE', 'CO-SAN'),
('322', 'GUAPOTA', 'CO-SAN'),
('324', 'GUAVATA', 'CO-SAN'),
('327', 'GÜEPSA', 'CO-SAN'),
('344', 'HATO', 'CO-SAN'),
('368', 'JESUS MARIA', 'CO-SAN'),
('370', 'JORDAN', 'CO-SAN'),
('377', 'LA BELLEZA', 'CO-SAN'),
('385', 'LANDAZURI', 'CO-SAN'),
('397', 'LA PAZ', 'CO-SAN'),
('406', 'LEBRIJA', 'CO-SAN'),
('418', 'LOS SANTOS', 'CO-SAN'),
('425', 'MACARAVITA', 'CO-SAN'),
('432', 'MALAGA', 'CO-SAN'),
('444', 'MATANZA', 'CO-SAN'),
('464', 'MOGOTES', 'CO-SAN'),
('468', 'MOLAGAVITA', 'CO-SAN'),
('498', 'OCAMONTE', 'CO-SAN'),
('500', 'OIBA', 'CO-SAN'),
('502', 'ONZAGA', 'CO-SAN'),
('522', 'PALMAR', 'CO-SAN'),
('524', 'PALMAS DEL SOCORRO', 'CO-SAN'),
('533', 'PARAMO', 'CO-SAN'),
('547', 'PIEDECUESTA', 'CO-SAN'),
('549', 'PINCHOTE', 'CO-SAN'),
('572', 'PUENTE NACIONAL', 'CO-SAN'),
('573', 'PUERTO PARRA', 'CO-SAN'),
('575', 'PUERTO WILCHES', 'CO-SAN'),
('615', 'RIONEGRO', 'CO-SAN'),
('655', 'SABANA DE TORRES', 'CO-SAN'),
('669', 'SAN ANDRES', 'CO-SAN'),
('673', 'SAN BENITO', 'CO-SAN'),
('679', 'SAN GIL', 'CO-SAN'),
('682', 'SAN JOAQUIN', 'CO-SAN'),
('684', 'SAN JOSE DE MIRANDA', 'CO-SAN'),
('686', 'SAN MIGUEL', 'CO-SAN'),
('689', 'SAN VICENTE DE CHUCURI', 'CO-SAN'),
('705', 'SANTA BARBARA', 'CO-SAN'),
('720', 'SANTA HELENA DEL OPON', 'CO-SAN'),
('745', 'SIMACOTA', 'CO-SAN'),
('755', 'SOCORRO', 'CO-SAN'),
('770', 'SUAITA', 'CO-SAN'),
('773', 'SUCRE', 'CO-SAN'),
('780', 'SURATA', 'CO-SAN'),
('820', 'TONA', 'CO-SAN'),
('855', 'VALLE DE SAN JOSE', 'CO-SAN'),
('861', 'VELEZ', 'CO-SAN'),
('867', 'VETAS', 'CO-SAN'),
('872', 'VILLANUEVA', 'CO-SAN'),
('895', 'ZAPATOCA', 'CO-SAN'),
('001', 'SINCELEJO', 'CO-SUC'),
('110', 'BUENAVISTA', 'CO-SUC'),
('124', 'CAIMITO', 'CO-SUC'),
('204', 'COLOSO', 'CO-SUC'),
('215', 'COROZAL', 'CO-SUC'),
('230', 'CHALAN', 'CO-SUC'),
('233', 'EL ROBLE', 'CO-SUC'),
('235', 'GALERAS', 'CO-SUC'),
('265', 'GUARANDA', 'CO-SUC'),
('400', 'LA UNION', 'CO-SUC'),
('418', 'LOS PALMITOS', 'CO-SUC'),
('429', 'MAJAGUAL', 'CO-SUC'),
('473', 'MORROA', 'CO-SUC'),
('508', 'OVEJAS', 'CO-SUC'),
('523', 'PALMITO', 'CO-SUC'),
('670', 'SAMPUES', 'CO-SUC'),
('678', 'SAN BENITO ABAD', 'CO-SUC'),
('702', 'SAN JUAN DE BETULIA', 'CO-SUC'),
('708', 'SAN MARCOS', 'CO-SUC'),
('713', 'SAN ONOFRE', 'CO-SUC'),
('717', 'SAN PEDRO', 'CO-SUC'),
('742', 'SINCE', 'CO-SUC'),
('771', 'SUCRE', 'CO-SUC'),
('820', 'SANTIAGO DE TOLU', 'CO-SUC'),
('823', 'TOLUVIEJO', 'CO-SUC'),
('001', 'IBAGUE', 'CO-TOL'),
('024', 'ALPUJARRA', 'CO-TOL'),
('026', 'ALVARADO', 'CO-TOL'),
('030', 'AMBALEMA', 'CO-TOL'),
('043', 'ANZOATEGUI', 'CO-TOL'),
('055', 'ARMERO', 'CO-TOL'),
('067', 'ATACO', 'CO-TOL'),
('124', 'CAJAMARCA', 'CO-TOL'),
('148', 'CARMEN DE APICALA', 'CO-TOL'),
('152', 'CASABIANCA', 'CO-TOL'),
('168', 'CHAPARRAL', 'CO-TOL'),
('200', 'COELLO', 'CO-TOL'),
('217', 'COYAIMA', 'CO-TOL'),
('226', 'CUNDAY', 'CO-TOL'),
('236', 'DOLORES', 'CO-TOL'),
('268', 'ESPINAL', 'CO-TOL'),
('270', 'FALAN', 'CO-TOL'),
('275', 'FLANDES', 'CO-TOL'),
('283', 'FRESNO', 'CO-TOL'),
('319', 'GUAMO', 'CO-TOL'),
('347', 'HERVEO', 'CO-TOL'),
('349', 'HONDA', 'CO-TOL'),
('352', 'ICONONZO', 'CO-TOL'),
('408', 'LERIDA', 'CO-TOL'),
('411', 'LIBANO', 'CO-TOL'),
('443', 'MARIQUITA', 'CO-TOL'),
('449', 'MELGAR', 'CO-TOL'),
('461', 'MURILLO', 'CO-TOL'),
('483', 'NATAGAIMA', 'CO-TOL'),
('504', 'ORTEGA', 'CO-TOL'),
('520', 'PALOCABILDO', 'CO-TOL'),
('547', 'PIEDRAS', 'CO-TOL'),
('555', 'PLANADAS', 'CO-TOL'),
('563', 'PRADO', 'CO-TOL'),
('585', 'PURIFICACION', 'CO-TOL'),
('616', 'RIOBLANCO', 'CO-TOL'),
('622', 'RONCESVALLES', 'CO-TOL'),
('624', 'ROVIRA', 'CO-TOL'),
('671', 'SALDAÑA', 'CO-TOL'),
('675', 'SAN ANTONIO', 'CO-TOL'),
('678', 'SAN LUIS', 'CO-TOL'),
('686', 'SANTA ISABEL', 'CO-TOL'),
('770', 'SUAREZ', 'CO-TOL'),
('854', 'VALLE DE SAN JUAN', 'CO-TOL'),
('861', 'VENADILLO', 'CO-TOL'),
('870', 'VILLAHERMOSA', 'CO-TOL'),
('873', 'VILLARRICA', 'CO-TOL'),
('001', 'CALI', 'CO-VAC'),
('020', 'ALCALA', 'CO-VAC'),
('036', 'ANDALUCIA', 'CO-VAC'),
('041', 'ANSERMANUEVO', 'CO-VAC'),
('054', 'ARGELIA', 'CO-VAC'),
('100', 'BOLIVAR', 'CO-VAC'),
('109', 'BUENAVENTURA', 'CO-VAC'),
('111', 'GUADALAJARA DE BUGA', 'CO-VAC'),
('113', 'BUGALAGRANDE', 'CO-VAC'),
('122', 'CAICEDONIA', 'CO-VAC'),
('126', 'CALIMA', 'CO-VAC'),
('130', 'CANDELARIA', 'CO-VAC'),
('147', 'CARTAGO', 'CO-VAC'),
('233', 'DAGUA', 'CO-VAC'),
('243', 'EL AGUILA', 'CO-VAC'),
('246', 'EL CAIRO', 'CO-VAC'),
('248', 'EL CERRITO', 'CO-VAC'),
('250', 'EL DOVIO', 'CO-VAC'),
('275', 'FLORIDA', 'CO-VAC'),
('306', 'GINEBRA', 'CO-VAC'),
('318', 'GUACARI', 'CO-VAC'),
('364', 'JAMUNDI', 'CO-VAC'),
('377', 'LA CUMBRE', 'CO-VAC'),
('400', 'LA UNION', 'CO-VAC'),
('403', 'LA VICTORIA', 'CO-VAC'),
('497', 'OBANDO', 'CO-VAC'),
('520', 'PALMIRA', 'CO-VAC'),
('563', 'PRADERA', 'CO-VAC'),
('606', 'RESTREPO', 'CO-VAC'),
('616', 'RIOFRIO', 'CO-VAC'),
('622', 'ROLDANILLO', 'CO-VAC'),
('670', 'SAN PEDRO', 'CO-VAC'),
('736', 'SEVILLA', 'CO-VAC'),
('823', 'TORO', 'CO-VAC'),
('828', 'TRUJILLO', 'CO-VAC'),
('834', 'TULUA', 'CO-VAC'),
('845', 'ULLOA', 'CO-VAC'),
('863', 'VERSALLES', 'CO-VAC'),
('869', 'VIJES', 'CO-VAC'),
('890', 'YOTOCO', 'CO-VAC'),
('892', 'YUMBO', 'CO-VAC'),
('895', 'ZARZAL', 'CO-VAC'),
('001', 'MITU', 'CO-VAU'),
('161', 'CARURU', 'CO-VAU'),
('511', 'PACOA', 'CO-VAU'),
('666', 'TARAIRA', 'CO-VAU'),
('777', 'PAPUNAUA', 'CO-VAU'),
('889', 'YAVARATE', 'CO-VAU'),
('001', 'PUERTO CARREÑO', 'CO-VID'),
('524', 'LA PRIMAVERA', 'CO-VID'),
('624', 'SANTA ROSALIA', 'CO-VID'),
('773', 'CUMARIBO', 'CO-VID');

INSERT INTO typesidentifications (description, sufix) VALUES 
('Cédula de Ciudadanía', 'CC'),
('Tarjeta de Identidad', 'TI'),
('Pasaporte', 'PA'),
('Cédula de Extranjería', 'CE'),
('NIT', 'NIT'),
('Registro Civil', 'RC'),
('Tarjeta de Extranjería', 'TE'),
('Documento Nacional de Identidad', 'DNI'),
('Permiso Especial de Permanencia', 'PEP'),
('Carné Diplomático', 'CD');

INSERT INTO categories (description) VALUES 
('Restaurantes'),
('Hoteles'),
('Tiendas de Ropa'),
('Supermercados'),
('Farmacias'),
('Estaciones de Servicio'),
('Centros Médicos'),
('Gimnasios'),
('Librerías'),
('Joyerías');

INSERT INTO audiences (description) VALUES 
('Niños'),
('Adolescentes'),
('Jóvenes adultos'),
('Adultos'),
('Adultos mayores'),
('Familias'),
('Estudiantes'),
('Profesionales'),
('Turistas'),
('Empresarios');

INSERT INTO unitofmeasure (description) VALUES 
('Unidad'),
('Kilogramo'),
('Gramo'),
('Litro'),
('Mililitro'),
('Metro'),
('Centímetro'),
('Paquete'),
('Caja'),
('Docena');

INSERT INTO memberships (name, description) VALUES 
('Básica', 'Membership con beneficios básicos para nuevos usuarios'),
('Estándar', 'Membership con beneficios estándar para usuarios frecuentes'),
('Premium', 'Membership con beneficios premium para usuarios VIP'),
('Oro', 'Membership exclusiva con descuentos especiales'),
('Platino', 'Membership de lujo con los mejores beneficios'),
('Empresarial', 'Membership diseñada para empresas'),
('Estudiante', 'Membership con descuentos para estudiantes'),
('Familiar', 'Membership para familias con beneficios grupales'),
('Senior', 'Membership para adultos mayores'),
('VIP', 'Membership exclusiva con acceso prioritario');

INSERT INTO periods (name) VALUES 
('Diario'),
('Semanal'),
('Quincenal'),
('Mensual'),
('Bimestral'),
('Trimestral'),
('Semestral'),
('Anual'),
('Bianual'),
('Personalizado');

INSERT INTO benefits (description, detail) VALUES 
('Descuento del 10%', 'Descuento aplicable en todos los productos'),
('Envío gratuito', 'Envío sin costo para pedidos superiores a $100'),
('Acceso prioritario', 'Acceso sin colas en establecimientos'),
('Regalo de bienvenida', 'Kit de bienvenida para nuevos miembros'),
('2x1 en productos seleccionados', 'Promoción 2x1 los viernes'),
('Asesoría personalizada', 'Sesión de asesoría con expertos'),
('Acceso a eventos exclusivos', 'Invitaciones a lanzamientos y eventos'),
('Descuento en cumpleaños', '20% de descuento en el mes de cumpleaños'),
('Parking gratuito', 'Estacionamiento sin costo en centros comerciales'),
('Programa de referidos', 'Beneficios por recomendar a amigos');

INSERT INTO products (name, detail, price, category_id, image) VALUES 
('Camiseta básica', 'Camiseta de algodón 100% unisex', 25.99, 3, 'camiseta.jpg'),
('Arroz premium', 'Arroz grano largo 1kg', 3.50, 4, 'arroz.jpg'),
('Analgésico', 'Tabletas 500mg caja x 10', 5.99, 5, 'analgesico.jpg'),
('Habitación estándar', 'Noche en habitación doble', 75.00, 2, 'habitacion.jpg'),
('Menú del día', 'Incluye entrada, plato fuerte y postre', 12.99, 1, 'menu.jpg'),
('Smartphone', 'Modelo 2023 128GB RAM 6GB', 599.99, 9, 'smartphone.jpg'),
('Crema hidratante', 'Para todo tipo de piel 200ml', 15.50, 5, 'crema.jpg'),
('Libro bestseller', 'Novela más vendida del año', 22.99, 9, 'libro.jpg'),
('Anillo de plata', 'Anillo con diseño moderno', 89.99, 10, 'anillo.jpg'),
('Suscripción gimnasio', 'Acceso ilimitado por 1 mes', 45.00, 8, 'gimnasio.jpg'),
('Pantalón vaquero', 'Pantalón denim ajustado', 49.99, 3, 'jeans.jpg'),
('Zapatos formales', 'Zapatos de cuero negro', 89.99, 3, 'zapatos.jpg'),
('Café premium', 'Café 100% arábica 500g', 12.99, 1, 'cafe.jpg'),
('Cerveza artesanal', 'Pack 6 unidades', 15.99, 1, 'cerveza.jpg'),
('Televisor 55"', 'Smart TV 4K UHD', 799.99, 9, 'tv.jpg'),
('Laptop ultradelgada', 'Core i7 16GB RAM 512GB SSD', 1299.99, 9, 'laptop.jpg'),
('Aceite de oliva', 'Extra virgen 1L', 14.99, 4, 'aceite.jpg'),
('Juego de sábanas', 'Algodón egipcio 600 hilos', 89.99, 2, 'sabanas.jpg'),
('Cepillo dental eléctrico', 'Recargable con 3 cabezales', 59.99, 5, 'cepillo.jpg'),
('Mochila resistente', 'Impermeable con USB', 45.99, 3, 'mochila.jpg'),
('Reloj inteligente', 'Monitor de actividad y sueño', 199.99, 10, 'reloj.jpg'),
('Collar de oro', '18k con diseño moderno', 299.99, 10, 'collar.jpg'),
('Set de maquillaje', 'Paleta completa de sombras', 39.99, 5, 'maquillaje.jpg'),
('Bicicleta montañera', '21 velocidades suspensión', 499.99, 8, 'bicicleta.jpg'),
('Cámara profesional', '24MP 4K video', 899.99, 9, 'camara.jpg'),
('Maleta viaje', 'Expandible 360° ruedas', 129.99, 3, 'maleta.jpg'),
('Parrilla eléctrica', '2000W superficie antiadherente', 79.99, 4, 'parrilla.jpg'),
('Robot aspirador', 'Navegación inteligente', 349.99, 4, 'robot.jpg'),
('Aire acondicionado', '12000 BTU inverter', 599.99, 4, 'aire.jpg'),
('Juego de ollas', 'Acero inoxidable 10 piezas', 149.99, 4, 'ollas.jpg'),
('Silla ergonómica', 'Ajustable para oficina', 199.99, 4, 'silla.jpg'),
('Tablet 10"', '128GB almacenamiento', 299.99, 9, 'tablet.jpg'),
('Altavoz Bluetooth', 'Resistente al agua', 89.99, 9, 'altavoz.jpg'),
('Cortina blackout', 'Para dormitorio 2x2m', 39.99, 4, 'cortina.jpg'),
('Cuna bebé', 'Convertible hasta 5 años', 249.99, 4, 'cuna.jpg'),
('Horno microondas', 'Grill 30L 1000W', 129.99, 4, 'horno.jpg'),
('Licuadora profesional', '1500W vaso vidrio', 89.99, 4, 'licuadora.jpg'),
('Plancha de vapor', 'Anti-cal 2200W', 59.99, 4, 'plancha.jpg'),
('Secador de pelo', 'Iónico 2000W', 49.99, 5, 'secador.jpg'),
('Termo acero inoxidable', 'Mantiene 24h frío/calor', 29.99, 4, 'termo.jpg'),
('Impresora Multifuncional', 'Impresora láser a color con escáner y copiadora', 249.99, 9, 'impresora.jpg'),
('Sartén Antiadherente', 'Sartén de aluminio 28cm con recubrimiento cerámico', 35.00, 4, 'sarten.jpg'),
('Kit de Limpieza Facial', 'Incluye limpiador, tónico y crema hidratante', 65.50, 5, 'kit_facial.jpg'),
('Balón de Fútbol', 'Balón profesional talla 5 para todo terreno', 29.99, 8, 'balon_futbol.jpg');

INSERT INTO companies (id, type_id, name, category_id, city_id, audience_id, cellphone, email, isactivate) VALUES
('COMP001', 1, 'Restaurante La Casona', 1, 231, 4, '3001234567', 'info@lacasona.com', 1), 
('COMP002', 1, 'Hotel Paraíso', 2, 12, 6, '3102345678', 'reservas@hotelparaiso.com', 1), 
('COMP003', 1, 'Moda Elegante', 3, 43, 4, '3203456789', 'contacto@modaelegante.com', 1), 
('COMP004', 1, 'SuperAhorro', 4, 304, 6, '3014567890', 'clientes@superahorro.com', 0),
('COMP005', 1, 'Farmacia Salud', 5, 105, 4, '3155678901', 'ventas@farmaciasalud.com', 1), 
('COMP006', 1, 'Gasolinera Rápida', 6, 26, 4, '3186789012', 'servicio@gasolinerarapida.com', 0),
('COMP007', 1, 'Clínica Moderna', 7, 57, 4, '3007890123', 'citas@clinicamoderna.com', 1), 
('COMP008', 1, 'Gimnasio Activo', 8, 98, 4, '3138901234', 'miembros@gimnasioactivo.com', 1), 
('COMP009', 1, 'Librería Conocimiento', 9, 139, 7, '3049012345', 'pedidos@libreriaconocimiento.com', 0),
('COMP010', 1, 'Joyas Brillantes', 10, 102, 4, '3170123456', 'ventas@joyasbrillantes.com', 1), 
('COMP011', 5, 'TechWorld', 9, 78, 4, '3111234567', 'ventas@techworld.com', 1), 
('COMP012', 1, 'Café Aroma', 1, 215, 4, '3122345678', 'contacto@cafearoma.com', 1), 
('COMP013', 5, 'ElectroHogar', 4, 342, 6, '3133456789', 'servicio@electrohogar.com', 0),
('COMP014', 1, 'Belleza Total', 5, 89, 4, '3144567890', 'info@bellezatotal.com', 1), 
('COMP015', 5, 'Deportes Extremos', 8, 156, 4, '3157678901', 'clientes@deportesextremos.com', 1), 
('COMP016', 1, 'Joyeria Lux', 10, 45, 4, '3166789012', 'joyas@lux.com', 0),
('COMP017', 5, 'Muebles Elegantes', 4, 278, 6, '3177890123', 'showroom@muebleselegantes.com', 1), 
('COMP018', 1, 'Farmacia Vida', 5, 12, 4, '3188901234', 'pedidos@farmaciavida.com', 1), 
('COMP019', 5, 'SuperDescuentos', 4, 321, 6, '3199012345', 'atencion@superdescuentos.com', 0),
('COMP020', 1, 'Ropa Moda', 3, 98, 4, '3200123456', 'ventas@ropamoda.com', 1), 
('COMP021', 5, 'Óptica Visión', 7, 167, 4, '3211234567', 'citas@opticavision.com', 0),
('COMP022', 1, 'Hotel Plaza', 2, 34, 6, '3222345678', 'reservas@hotelplaza.com', 1), 
('COMP023', 5, 'Restaurante Sabor', 1, 189, 4, '3233456789', 'mesas@restaurantesabor.com', 1), 
('COMP024', 1, 'Gasolinera Express', 6, 56, 4, '3244567890', 'servicio@expressgas.com', 0), 
('COMP025', 5, 'Gimnasio Power', 8, 203, 4, '3255678901', 'info@gimasiopower.com', 1),
('COMP026', 1, 'Panadería Delicias', 1, 105, 4, '3266789012', 'pedidos@panaderiadelicias.com', 1),
('COMP027', 5, 'Servicios Computacionales', 9, 231, 7, '3277890123', 'soporte@servicioscomp.com', 1),
('COMP028', 1, 'Floristería Pétalos', 10, 12, 4, '3288901234', 'ventas@floristeriapetalos.com', 0),
('COMP029', 1, 'Repostería DulceVida', 1, 43, 4, '3299012345', 'info@dulcevida.com', 1);

INSERT INTO customers (name, city_id, audience_id, cellphone, email, address) VALUES 
('Juan Pérez', 45, 4, '3001112233', 'juan.perez@email.com', 'Calle 123 #45-67'),
('María Gómez', 189, 4, '3102223344', 'maria.gomez@email.com', 'Avenida 5 #12-34'),
('Carlos Rodríguez', 278, 4, '3203334455', 'carlos.rod@email.com', 'Carrera 8 #23-45'),
('Ana López', 56, 4, '3014445566', 'ana.lopez@email.com', 'Diagonal 12 #34-56'),
('Luis Martínez', 342, 7, '3155556677', 'luis.martinez@email.com', 'Calle 67 #89-01'),
('Sofía Ramírez', 125, 4, '3186667788', 'sofia.ramirez@email.com', 'Avenida 3 #21-43'),
('Pedro Sánchez', 87, 4, '3007778899', 'pedro.sanchez@email.com', 'Carrera 45 #67-89'),
('Laura Díaz', 256, 4, '3138889900', 'laura.diaz@email.com', 'Calle 90 #12-34'),
('Andrés Castro', 33, 4, '3049990011', 'andres.castro@email.com', 'Avenida 7 #65-43'),
('Diana Morales', 12, 4, '3170001122', 'diana.morales@email.com', 'Diagonal 23 #45-67'),
('Roberto Jiménez', 67, 4, '3011122334', 'roberto.j@email.com', 'Carrera 10 #23-45'),
('Lucía Fernández', 145, 4, '3022233445', 'lucia.fernandez@email.com', 'Avenida 8 #34-56'),
('Miguel Ángel Soto', 289, 4, '3033344556', 'miguel.soto@email.com', 'Calle 45 #67-89'),
('Isabel Vargas', 32, 4, '3044455667', 'isabel.v@email.com', 'Diagonal 23 #12-34'),
('Jorge Medina', 178, 7, '3055566778', 'jorge.medina@email.com', 'Carrera 15 #78-90'),
('Patricia Ríos', 256, 4, '3066677889', 'patricia.rios@email.com', 'Avenida 20 #45-67'),
('Ricardo Mora', 89, 4, '3077788990', 'ricardo.mora@email.com', 'Calle 90 #12-34'),
('Carmen Luna', 312, 4, '3088899001', 'carmen.luna@email.com', 'Diagonal 45 #67-89'),
('Fernando Castro', 54, 4, '3099900112', 'fernando.c@email.com', 'Carrera 8 #90-12'),
('Adriana Gil', 201, 4, '3100011223', 'adriana.gil@email.com', 'Avenida 12 #34-56'),
('Oscar Duarte', 98, 4, '3111122334', 'oscar.d@email.com', 'Calle 67 #89-01'),
('Silvia Paredes', 167, 4, '3122233445', 'silvia.p@email.com', 'Diagonal 78 #90-12'),
('Héctor Rojas', 43, 4, '3133344556', 'hector.r@email.com', 'Carrera 23 #45-67'),
('Natalia Méndez', 289, 4, '3144455667', 'natalia.m@email.com', 'Avenida 56 #78-90'),
('Guillermo Peña', 76, 4, '3155566778', 'guillermo.p@email.com', 'Calle 12 #34-56'),
('Verónica Cordero', 198, 4, '3166677889', 'veronica.c@email.com', 'Diagonal 34 #56-78'),
('Felipe Herrera', 321, 4, '3177788990', 'felipe.h@email.com', 'Carrera 67 #89-01'),
('Daniela Montes', 54, 4, '3188899001', 'daniela.m@email.com', 'Avenida 78 #90-12'),
('Raúl Valencia', 187, 4, '3199900112', 'raul.v@email.com', 'Calle 45 #67-89'),
('Marina Serrano', 234, 4, '3200011223', 'marina.s@email.com', 'Diagonal 56 #78-90'),
('Santiago Núñez', 67, 4, '3211122334', 'santiago.n@email.com', 'Carrera 78 #90-12'),
('Valeria Ponce', 156, 4, '3222233445', 'valeria.p@email.com', 'Avenida 89 #01-23'),
('Gustavo León', 289, 4, '3233344556', 'gustavo.l@email.com', 'Calle 34 #56-78'),
('Camila Rueda', 43, 4, '3244455667', 'camila.r@email.com', 'Diagonal 67 #89-01'),
('Arturo Salazar', 178, 4, '3255566778', 'arturo.s@email.com', 'Carrera 90 #12-34'),
('Ximena Torres', 256, 4, '3266677889', 'ximena.t@email.com', 'Avenida 12 #34-56'),
('Eduardo Mendoza', 89, 4, '3277788990', 'eduardo.m@email.com', 'Calle 56 #78-90'),
('Gabriela Orozco', 312, 4, '3288899001', 'gabriela.o@email.com', 'Diagonal 78 #90-12'),
('José Luis Cabrera', 54, 4, '3299900112', 'josel.c@email.com', 'Carrera 34 #56-78'),
('Paulina Vélez', 201, 4, '3300011223', 'paulina.v@email.com', 'Avenida 67 #89-01'),
('Alberto Franco', 98, 4, '3311122334', 'alberto.f@email.com', 'Calle 90 #12-34'),
('Beatriz Guzmán', 167, 4, '3322233445', 'beatriz.g@email.com', 'Diagonal 12 #34-56'),
('Mauricio Sosa', 43, 4, '3333344556', 'mauricio.s@email.com', 'Carrera 56 #78-90'),
('Claudia Rangel', 289, 4, '3344455667', 'claudia.r@email.com', 'Avenida 78 #90-12'),
('Renato Paz', 76, 4, '3355566778', 'renato.p@email.com', 'Calle 34 #56-78'),
('Lorena Cárdenas', 198, 4, '3366677889', 'lorena.c@email.com', 'Diagonal 67 #89-01'),
('Víctor Maldonado', 321, 4, '3377788990', 'victor.m@email.com', 'Carrera 90 #12-34'),
('Jimena Ortega', 54, 4, '3388899001', 'jimena.o@email.com', 'Avenida 12 #34-56'),
('Rodrigo Paredes', 187, 4, '3399900112', 'rodrigo.p@email.com', 'Calle 56 #78-90'),
('Alicia Rocha', 234, 4, '3400011223', 'alicia.r@email.com', 'Diagonal 78 #90-12'),
('Francisco Mejía', 67, 4, '3411122334', 'francisco.m@email.com', 'Carrera 34 #56-78'),
('Teresa Contreras', 156, 4, '3422233445', 'teresa.c@email.com', 'Avenida 67 #89-01'),
('Hugo Miranda', 289, 4, '3433344556', 'hugo.m@email.com', 'Calle 90 #12-34'),
('Rosa María Fuentes', 43, 4, '3444455667', 'rosa.f@email.com', 'Diagonal 12 #34-56'),
('Ernesto Cordova', 178, 4, '3455566778', 'ernesto.c@email.com', 'Carrera 56 #78-90'),
('Leticia Campos', 256, 4, '3466677889', 'leticia.c@email.com', 'Avenida 78 #90-12'),
('Gerardo Tapia', 89, 4, '3477788990', 'gerardo.t@email.com', 'Calle 34 #56-78'),
('Alejandra Montes', 312, 4, '3488899001', 'alejandra.m@email.com', 'Diagonal 67 #89-01'),
('Federico Andrade', 54, 4, '3499900112', 'federico.a@email.com', 'Carrera 90 #12-34');

INSERT INTO favorites (customer_id, company_id) VALUES 
(1, 'COMP001'),
(2, 'COMP002'),
(3, 'COMP003'),
(3, 'COMP007'),
(4, 'COMP005'),
(5, 'COMP009'),
(6, 'COMP001'),
(7, 'COMP008'),
(8, 'COMP010'),
(9, 'COMP011'),
(10, 'COMP012'),
(11, 'COMP011'),
(12, 'COMP012'),
(13, 'COMP013'),
(14, 'COMP014'),
(15, 'COMP015'),
(16, 'COMP016'),
(17, 'COMP017'),
(18, 'COMP018'),
(19, 'COMP019'),
(20, 'COMP020'),
(21, 'COMP021'),
(22, 'COMP022'),
(23, 'COMP023'),
(24, 'COMP024'),
(25, 'COMP025'),
(26, 'COMP011'),
(27, 'COMP012'),
(28, 'COMP013'),
(29, 'COMP014'),
(30, 'COMP015'),
(31, 'COMP011'), 
(32, 'COMP011'), 
(33, 'COMP011'), 
(34, 'COMP011'), 
(35, 'COMP011'),
(36, 'COMP011'), 
(37, 'COMP011'), 
(38, 'COMP011'), 
(39, 'COMP011'), 
(40, 'COMP011'),
(41, 'COMP011'), 
(42, 'COMP011'), 
(43, 'COMP011'), 
(44, 'COMP011'), 
(45, 'COMP011'),
(31, 'COMP003'), 
(32, 'COMP003'), 
(33, 'COMP003'), 
(34, 'COMP003'), 
(35, 'COMP003'),
(36, 'COMP003'), 
(37, 'COMP003'), 
(38, 'COMP003'), 
(39, 'COMP003'), 
(40, 'COMP003'),
(41, 'COMP003'), 
(42, 'COMP003'), 
(43, 'COMP003'), 
(44, 'COMP003'), 
(45, 'COMP003'),
(31, 'COMP004'), 
(32, 'COMP004'), 
(33, 'COMP004'), 
(34, 'COMP004'), 
(35, 'COMP004'),
(36, 'COMP004'), 
(37, 'COMP004'), 
(38, 'COMP004'), 
(39, 'COMP004'), 
(40, 'COMP004'),
(41, 'COMP004'), 
(42, 'COMP004'), 
(43, 'COMP004'), 
(44, 'COMP004'), 
(45, 'COMP004');

INSERT INTO details_favorites (customer_id, company_id) VALUES 
(1, 'COMP002'),
(2, 'COMP003'),
(2, 'COMP005'),
(3, 'COMP001'),
(4, 'COMP007'),
(5, 'COMP004'),
(6, 'COMP008'),
(7, 'COMP006'),
(8, 'COMP009'),
(9, 'COMP011'),
(10, 'COMP011'),
(11, 'COMP012'),
(12, 'COMP013'),
(13, 'COMP014'),
(14, 'COMP015'),
(15, 'COMP016'),
(16, 'COMP017'),
(17, 'COMP018'),
(18, 'COMP019'),
(19, 'COMP020'),
(20, 'COMP021'),
(21, 'COMP022'),
(22, 'COMP023'),
(23, 'COMP024'),
(24, 'COMP025'),
(25, 'COMP011'),
(26, 'COMP012'),
(27, 'COMP013'),
(28, 'COMP014'),
(29, 'COMP015'),
(30, 'COMP016');

INSERT INTO companyproducts (company_id, product_id, price, unitmeasure_id) VALUES 
('COMP001', 5, 12.99, 1),
('COMP002', 4, 75.00, 1),
('COMP003', 1, 25.99, 1),
('COMP004', 2, 3.50, 2),
('COMP005', 3, 5.99, 8),
('COMP006', 10, 45.00, 1),
('COMP007', 7, 15.50, 4),
('COMP008', 10, 45.00, 1),
('COMP009', 8, 22.99, 1),
('COMP010', 9, 89.99, 1),
('COMP011', 11, 799.99, 1),
('COMP011', 12, 1299.99, 1),
('COMP011', 15, 899.99, 1),
('COMP012', 3, 12.99, 2),
('COMP012', 4, 15.99, 1),
('COMP013', 17, 79.99, 1),
('COMP013', 18, 349.99, 1),
('COMP013', 19, 599.99, 1),
('COMP014', 13, 39.99, 1),
('COMP014', 27, 49.99, 1),
('COMP015', 14, 499.99, 1),
('COMP015', 21, 199.99, 1),
('COMP016', 12, 299.99, 1),
('COMP016', 22, 89.99, 1),
('COMP017', 20, 149.99, 1),
('COMP017', 23, 199.99, 1),
('COMP018', 9, 59.99, 1),
('COMP018', 27, 49.99, 1),
('COMP019', 7, 14.99, 4),
('COMP019', 16, 129.99, 1),
('COMP020', 1, 25.99, 1),
('COMP020', 2, 49.99, 1),
('COMP020', 10, 45.99, 1),
('COMP021', 28, 59.99, 1),
('COMP021', 29, 49.99, 1),
('COMP022', 4, 75.00, 1),
('COMP022', 8, 89.99, 1),
('COMP023', 5, 12.99, 1),
('COMP023', 3, 12.99, 2),
('COMP024', 6, 599.99, 1),
('COMP024', 30, 29.99, 1),
('COMP025', 14, 499.99, 1),
('COMP025', 24, 39.99, 1);

INSERT INTO categories_polls (name) VALUES 
('Satisfacción general'),
('Calidad del producto'),
('Atención al cliente'),
('Limpieza del establecimiento'),
('Relación calidad-precio'),
('Tiempo de espera'),
('Variedad de productos'),
('Ambiente del lugar'),
('Accesibilidad'),
('Recomendaría a otros');

INSERT INTO polls (name, description, isactive, categorypoll_id) VALUES 
('Encuesta de satisfacción', 'Valora tu experiencia general', TRUE, 1),
('Calidad de productos', 'Opinión sobre calidad de productos', TRUE, 2),
('Atención recibida', 'Cómo calificas el servicio', TRUE, 3),
('Limpieza del lugar', 'Evaluación de higiene', TRUE, 4),
('Precios justos', 'Opinión sobre precios', TRUE, 5),
('Tiempo de espera', 'Evaluación de tiempos', TRUE, 6),
('Variedad de opciones', 'Disponibilidad de productos', TRUE, 7),
('Ambiente del local', 'Evaluación del ambiente', TRUE, 8),
('Facilidad de acceso', 'Accesibilidad del lugar', TRUE, 9),
('Recomendación', 'Probabilidad de recomendar', TRUE, 10);

INSERT INTO quality_products (product_id, customer_id, poll_id, company_id, daterating, rating) VALUES 
(1, 1, 2, 'COMP003', '2025-01-15 10:30:00', 4.5),
(2, 2, 2, 'COMP004', '2025-01-16 11:45:00', 4.0),
(3, 3, 2, 'COMP005', '2025-01-17 09:15:00', 5.0),
(4, 4, 2, 'COMP002', '2025-01-18 14:20:00', 4.2),
(5, 2, 2, 'COMP001', '2025-01-19 13:10:00', 4.8),
(6, 6, 2, 'COMP008', '2025-01-20 16:45:00', 3.5),
(7, 2, 2, 'COMP007', '2025-01-21 10:00:00', 4.7),
(8, 2, 2, 'COMP009', '2025-01-22 12:30:00', 4.9),
(9, 9, 2, 'COMP010', '2025-01-23 15:15:00', 5.0),
(10, 10, 2, 'COMP006', '2025-01-24 17:00:00', 4.3),
(11, 11, 2, 'COMP011', '2025-02-01 10:15:00', 4.7),
(12, 12, 2, 'COMP011', '2025-02-02 11:30:00', 4.9),
(13, 13, 2, 'COMP014', '2025-02-03 14:45:00', 4.5),
(14, 14, 2, 'COMP015', '2025-02-04 16:00:00', 4.8),
(15, 3, 2, 'COMP011', '2025-02-05 09:30:00', 5.0),
(16, 16, 2, 'COMP019', '2025-02-06 13:15:00', 4.2),
(17, 3, 2, 'COMP013', '2025-02-07 15:30:00', 4.6),
(18, 18, 2, 'COMP013', '2025-02-08 10:45:00', 4.9),
(19, 19, 2, 'COMP013', '2025-02-09 12:00:00', 4.3),
(20, 20, 2, 'COMP017', '2025-02-10 14:15:00', 4.7),
(21, 5, 2, 'COMP015', '2025-02-11 16:30:00', 4.8),
(22, 22, 2, 'COMP016', '2025-02-12 09:45:00', 4.5),
(23, 23, 2, 'COMP017', '2025-02-13 11:00:00', 4.9),
(24, 24, 2, 'COMP025', '2025-02-14 13:15:00', 4.1),
(25, 6, 2, 'COMP020', '2025-02-15 15:30:00', 4.6),
(26, 6, 2, 'COMP011', '2025-02-16 10:45:00', 4.8),
(27, 27, 2, 'COMP018', '2025-02-17 12:00:00', 4.4),
(28, 28, 2, 'COMP021', '2025-02-18 14:15:00', 4.7),
(29, 5, 2, 'COMP021', '2025-02-19 16:30:00', 4.9),
(30, 30, 2, 'COMP024', '2025-02-20 09:45:00', 4.5);

INSERT INTO membershipperiods (membership_id, period_id, price) VALUES 
(1, 4, 9.99),
(2, 4, 19.99),
(3, 4, 29.99),
(4, 4, 39.99),
(5, 4, 49.99),
(1, 7, 49.99),
(2, 7, 99.99),
(3, 7, 149.99),
(4, 7, 199.99),
(5, 7, 249.99),
(6, 4, 79.99),
(7, 4, 14.99),
(8, 4, 29.99),
(9, 4, 19.99),
(10, 4, 99.99),
(6, 7, 399.99),
(7, 7, 69.99),
(8, 7, 149.99),
(9, 7, 99.99),
(10, 7, 499.99);

INSERT INTO membershipbenefits (membership_id, period_id, audience_id, benefit_id) VALUES 
(1, 4, 4, 1),
(2, 4, 4, 1),
(2, 4, 4, 2),
(3, 4, 4, 1),
(3, 4, 4, 2),
(3, 4, 4, 3),
(4, 4, 4, 1),
(4, 4, 4, 2),
(4, 4, 4, 3),
(4, 4, 4, 4),
(6, 4, 10, 1),
(6, 4, 10, 2),
(6, 4, 10, 3),
(6, 4, 10, 4),
(7, 4, 7, 5),
(7, 4, 7, 6),
(8, 4, 6, 7),
(8, 4, 6, 8),
(9, 4, 5, 9),
(9, 4, 5, 10),
(10, 4, 4, 1),
(10, 4, 4, 2),
(10, 4, 4, 3),
(10, 4, 4, 4),
(10, 4, 4, 5);

INSERT INTO audiencebenefits (audience_id, benefit_id) VALUES 
(4, 1),
(4, 2),
(6, 2),
(6, 5),
(7, 6),
(7, 7),
(8, 3),
(8, 10),
(9, 8),
(10, 9);

INSERT INTO rates (customer_id, company_id, poll_id, daterating, rating) VALUES 
(1, 'COMP001', 1, '2023-01-01 12:00:00', 4.5),
(3, 'COMP003', 1, '2023-01-03 11:45:00', 4.0),
(4, 'COMP004', 1, '2023-01-04 16:20:00', 4.2),
(5, 'COMP005', 1, '2023-01-05 10:15:00', 4.8),
(7, 'COMP007', 1, '2023-01-07 09:30:00', 4.7),
(8, 'COMP008', 1, '2023-01-08 17:45:00', 4.9),
(9, 'COMP009', 1, '2023-01-09 12:30:00', 5.0),
(10, 'COMP010', 1, '2023-01-10 15:00:00', 4.3),
(11, 'COMP011', 1, '2023-02-01 10:00:00', 4.8),
(12, 'COMP012', 1, '2023-02-02 11:30:00', 4.5),
(13, 'COMP013', 1, '2023-02-03 14:15:00', 4.9),
(15, 'COMP015', 1, '2023-02-05 09:30:00', 5.0),
(16, 'COMP016', 1, '2023-02-06 13:00:00', 4.7),
(18, 'COMP018', 1, '2023-02-08 10:15:00', 4.8),
(19, 'COMP019', 1, '2023-02-09 12:45:00', 4.6),
(20, 'COMP020', 1, '2023-02-10 14:30:00', 4.9),
(22, 'COMP022', 1, '2023-02-12 09:45:00', 4.7),
(23, 'COMP023', 1, '2023-02-13 11:30:00', 4.8),
(24, 'COMP024', 1, '2023-02-14 13:15:00', 4.4),
(25, 'COMP025', 1, '2023-02-15 15:00:00', 4.9);